population,id,name,lifetime_hours,gross,purchase,feed,base_net,expected_gross,expected_net,net_increase_pct
previous-0.10,chicken,小鸡,0.5833333333333334,18,13,1.1666666666666667,3.833333333333333,19.722845647058833,5.556178980392166,44.94379948849128
previous-0.10,rabbit,垂耳兔,1.1666666666666667,48,37,2.3333333333333335,8.666666666666666,52.59425505882355,13.260921725490215,53.01063529411791
previous-0.10,dog,小狗,3.1666666666666665,120,91,6.333333333333333,22.666666666666668,131.4856376470589,34.15230431372556,50.671930795848006
previous-0.10,duck,小鸭,3.5,180,141,7.0,32.0,197.22845647058833,49.22845647058833,53.83892647058851
previous-0.10,sheep,绵羊,6.5,306,234,13.0,59.0,335.28837600000014,88.28837600000014,49.64131525423754
previous-0.10,goose,白鹅,7.0,408,317,14.0,77.0,447.0511680000002,116.05116800000019,50.71580259740285
previous-0.10,goat,山羊,13.0,756,587,26.0,143.0,828.359517176471,215.35951717647094,50.601060962567104
previous-0.10,cow,奶牛,18.0,1224,954,36.0,234.0,1341.1535040000006,351.15350400000057,50.06560000000025
previous-0.10,cat,橘猫,20.0,1350,1050,40.0,260.0,1479.2134235294125,389.21342352941247,49.69747058823554
previous-0.10,pig,小猪,27.0,2088,1629,54.0,405.0,2287.8500950588245,604.8500950588245,49.34570248366038
previous-0.10,parrot,鹦鹉,18.0,1392,1086,36.0,270.0,1525.233396705883,403.233396705883,49.34570248366038
previous-0.10,turtle,小乌龟,27.0,2088,1629,54.0,405.0,2287.8500950588245,604.8500950588245,49.34570248366038
previous-0.10,horse,小马,36.0,3144,2460,72.0,612.0,3444.9237063529426,912.9237063529426,49.170540253748804
previous-0.10,frog,青蛙,26.0,2280,1786,52.0,442.0,2498.227115294119,660.2271152941189,49.37265051903139
previous-0.10,peacock,孔雀,36.0,3520,2764,72.0,684.0,3856.9120376470605,1020.9120376470605,49.25614585483341
previous-0.10,fox,小狐狸,35.0,3408,2673,70.0,665.0,3734.192109176472,991.1921091764721,49.051444988943196
previous-0.10,alpaca,羊驼,52.0,5568,4372,104.0,1092.0,6100.933586823532,1624.933586823532,48.80344201680697
previous-0.10,hedgehog,刺猬,35.0,3768,2963,70.0,735.0,4128.649022117649,1095.649022117649,49.067894165666516
previous-0.10,deer,梅花鹿,52.0,6084,4784,104.0,1196.0,6666.321828705885,1778.3218287058853,48.68911611253222
previous-0.10,owl,猫头鹰,52.0,6084,4784,104.0,1196.0,6666.321828705885,1778.3218287058853,48.68911611253222
previous-0.10,penguin,企鹅,72.0,9152,7208,144.0,1800.0,10027.971297882357,2675.9712978823572,48.66507210457541
previous-0.10,snake,小蛇,56.0,7128,5616,112.0,1400.0,7810.246876235297,2082.2468762352973,48.73191973109268
previous-0.10,buffalo,水牛,80.0,10968,8648,160.0,2160.0,12017.787280941182,3209.787280941182,48.60126300653619
previous-0.10,moose,驼鹿,80.0,10962,8642,160.0,2160.0,12011.21299905883,3209.212999058829,48.57467588235319
previous-0.10,zebra,斑马,84.0,12360,9756,168.0,2436.0,13543.020677647064,3619.020677647064,48.564067226891
previous-0.10,bear,小熊,108.0,15888,12540,216.0,3132.0,17408.698424470596,4652.698424470596,48.553589542483905
previous-0.10,monkey,猴子,68.0,10680,8436,136.0,2108.0,11702.22175058824,3130.22175058824,48.49249291215562
previous-0.10,gorilla,大猩猩,84.0,13200,10428,168.0,2604.0,14463.420141176477,3867.420141176477,48.5184386012472
previous-0.10,giraffe,长颈鹿,108.0,18048,14268,216.0,3564.0,19775.439902117654,5291.439902117654,48.46913305605094
previous-0.10,rhino,犀牛,156.0,26064,20604,312.0,5148.0,28558.68049694119,7642.68049694119,48.45921711229971
previous-0.10,hippo,河马,108.0,19136,15140,216.0,3780.0,20967.576350117655,5611.576350117655,48.454400796763395
previous-0.10,crocodile,鳄鱼,156.0,27624,21852,312.0,5460.0,30267.993786352956,8103.993786352956,48.42479462184898
previous-0.10,lion,狮子,168.0,31416,24864,336.0,6216.0,34422.93993600002,9222.939936000017,48.37419459459484
previous-0.10,elephant,大象,216.0,42560,33704,432.0,8424.0,46633.57281882355,12497.572818823552,48.35675236020358
previous-0.10,panda,大熊猫,120.0,23648,18728,240.0,4680.0,25911.43632564707,6943.4363256470715,48.364024052287824
previous-0.10,sloth,树懒,216.0,46880,37160,432.0,9288.0,51367.05577411767,13775.055774117667,48.31024735268809
previous-0.20,chicken,小鸡,0.5833333333333334,18,13,1.1666666666666667,3.833333333333333,21.399382588235294,7.232715921568627,88.67954578005114
previous-0.20,rabbit,垂耳兔,1.1666666666666667,48,37,2.3333333333333335,8.666666666666666,57.065020235294114,17.73168690196078,104.59638733031676
previous-0.20,dog,小狗,3.1666666666666665,120,91,6.333333333333333,22.666666666666668,142.6625505882353,45.329217254901955,99.98184083044981
previous-0.20,duck,小鸭,3.5,180,141,7.0,32.0,213.99382588235295,65.99382588235295,106.23070588235292
previous-0.20,sheep,绵羊,6.5,306,234,13.0,59.0,363.789504,116.78950400000002,97.94831186440676
previous-0.20,goose,白鹅,7.0,408,317,14.0,77.0,485.052672,154.05267199999997,100.0684051948052
previous-0.20,goat,山羊,13.0,756,587,26.0,143.0,898.7740687058823,285.7740687058823,99.8420060880296
previous-0.20,cow,奶牛,18.0,1224,954,36.0,234.0,1455.158016,465.1580160000001,98.78547692307691
previous-0.20,cat,橘猫,20.0,1350,1050,40.0,260.0,1604.953694117647,514.953694117647,98.05911312217194
previous-0.20,pig,小猪,27.0,2088,1629,54.0,405.0,2482.328380235294,799.3283802352939,97.36503215686274
previous-0.20,parrot,鹦鹉,18.0,1392,1086,36.0,270.0,1654.8855868235294,532.8855868235294,97.36503215686275
previous-0.20,turtle,小乌龟,27.0,2088,1629,54.0,405.0,2482.328380235294,799.3283802352939,97.36503215686274
previous-0.20,horse,小马,36.0,3144,2460,72.0,612.0,3737.7588254117645,1205.7588254117645,97.01941591695501
previous-0.20,frog,青蛙,26.0,2280,1786,52.0,442.0,2710.5884611764704,872.5884611764704,97.41820388607931
previous-0.20,peacock,孔雀,36.0,3520,2764,72.0,684.0,4184.768150588236,1348.7681505882356,97.18832610939113
previous-0.20,fox,小狐狸,35.0,3408,2673,70.0,665.0,4051.6164367058823,1308.6164367058823,96.78442657231312
previous-0.20,alpaca,羊驼,52.0,5568,4372,104.0,1092.0,6619.5423472941175,2143.5423472941175,96.29508674854557
previous-0.20,hedgehog,刺猬,35.0,3768,2963,70.0,735.0,4479.604088470588,1446.604088470588,96.81688278511403
previous-0.20,deer,梅花鹿,52.0,6084,4784,104.0,1196.0,7232.991314823529,2344.991314823529,96.06950792838875
previous-0.20,owl,猫头鹰,52.0,6084,4784,104.0,1196.0,7232.991314823529,2344.991314823529,96.06950792838875
previous-0.20,penguin,企鹅,72.0,9152,7208,144.0,1800.0,10880.397191529411,3528.3971915294114,96.02206619607843
previous-0.20,snake,小蛇,56.0,7128,5616,112.0,1400.0,8474.155504941176,2746.1555049411763,96.15396463865545
previous-0.20,buffalo,水牛,80.0,10968,8648,160.0,2160.0,13039.357123764707,4231.357123764707,95.89616313725489
previous-0.20,moose,驼鹿,80.0,10962,8642,160.0,2160.0,13032.223996235294,4230.223996235294,95.84370352941177
previous-0.20,zebra,斑马,84.0,12360,9756,168.0,2436.0,14694.242710588234,4770.242710588234,95.8227713706172
previous-0.20,bear,小熊,108.0,15888,12540,216.0,3132.0,18888.521697882352,6132.521697882352,95.80209763353616
previous-0.20,monkey,猴子,68.0,10680,8436,136.0,2108.0,12696.967002352942,4124.967002352942,95.68154660118317
previous-0.20,gorilla,大猩猩,84.0,13200,10428,168.0,2604.0,15692.880564705882,5096.880564705882,95.732740580103
previous-0.20,giraffe,长颈鹿,108.0,18048,14268,216.0,3564.0,21456.44760847059,6972.447608470589,95.63545478312537
previous-0.20,rhino,犀牛,156.0,26064,20604,312.0,5148.0,30986.305987764707,10070.305987764707,95.61588942821884
previous-0.20,hippo,河马,108.0,19136,15140,216.0,3780.0,22749.921400470586,7393.921400470586,95.60638625583566
previous-0.20,crocodile,鳄鱼,156.0,27624,21852,312.0,5460.0,32840.91914541176,10676.91914541176,95.54796969618616
previous-0.20,lion,狮子,168.0,31416,24864,336.0,6216.0,37349.055744,12149.055743999998,95.44812972972971
previous-0.20,elephant,大象,216.0,42560,33704,432.0,8424.0,50597.65127529412,16461.65127529412,95.41371409418467
previous-0.20,panda,大熊猫,120.0,23648,18728,240.0,4680.0,28114.033302588236,9146.033302588236,95.42806202111612
previous-0.20,sloth,树懒,216.0,46880,37160,432.0,9288.0,55733.50309647059,18141.503096470587,95.32195409636722
previous-0.30,chicken,小鸡,0.5833333333333334,18,13,1.1666666666666667,3.833333333333333,23.029610823529413,8.862944156862747,131.20723887468034
previous-0.30,rabbit,垂耳兔,1.1666666666666667,48,37,2.3333333333333335,8.666666666666666,61.412295529411765,22.078962196078432,154.75725610859735
previous-0.30,dog,小狗,3.1666666666666665,120,91,6.333333333333333,22.666666666666668,153.53073882352942,56.19740549019608,147.92973010380626
previous-0.30,duck,小鸭,3.5,180,141,7.0,32.0,230.29610823529413,82.29610823529413,157.17533823529413
previous-0.30,sheep,绵羊,6.5,306,234,13.0,59.0,391.50338400000004,144.50338400000004,144.92098983050852
previous-0.30,goose,白鹅,7.0,408,317,14.0,77.0,522.004512,191.00451199999998,148.05780779220783
previous-0.30,goat,山羊,13.0,756,587,26.0,143.0,967.2436545882354,354.24365458823536,147.72283537638836
previous-0.30,cow,奶牛,18.0,1224,954,36.0,234.0,1566.0135360000002,576.0135360000002,146.15963076923083
previous-0.30,cat,橘猫,20.0,1350,1050,40.0,260.0,1727.220811764706,637.220811764706,145.08492760180997
previous-0.30,pig,小猪,27.0,2088,1629,54.0,405.0,2671.434855529412,988.4348555294118,144.0579890196079
previous-0.30,parrot,鹦鹉,18.0,1392,1086,36.0,270.0,1780.9565703529413,658.9565703529413,144.0579890196079
previous-0.30,turtle,小乌龟,27.0,2088,1629,54.0,405.0,2671.434855529412,988.4348555294118,144.0579890196079
previous-0.30,horse,小马,36.0,3144,2460,72.0,612.0,4022.5053571764706,1490.5053571764706,143.54662698961943
previous-0.30,frog,青蛙,26.0,2280,1786,52.0,442.0,2917.084037647059,1079.0840376470592,144.13666010114457
previous-0.30,peacock,孔雀,36.0,3520,2764,72.0,684.0,4503.568338823529,1667.5683388235293,143.79654076367393
previous-0.30,fox,小狐狸,35.0,3408,2673,70.0,665.0,4360.272982588235,1617.2729825882352,143.19894475011063
previous-0.30,alpaca,羊驼,52.0,5568,4372,104.0,1092.0,7123.826281411765,2647.826281411765,142.4749341952166
previous-0.30,hedgehog,刺猬,35.0,3768,2963,70.0,735.0,4820.865199058824,1787.8651990588241,143.24696585834334
previous-0.30,deer,梅花鹿,52.0,6084,4784,104.0,1196.0,7784.0084583529415,2896.0084583529415,142.14117544757036
previous-0.30,owl,猫头鹰,52.0,6084,4784,104.0,1196.0,7784.0084583529415,2896.0084583529415,142.14117544757036
previous-0.30,penguin,企鹅,72.0,9152,7208,144.0,1800.0,11709.277680941177,4357.277680941177,142.07098227450984
previous-0.30,snake,小蛇,56.0,7128,5616,112.0,1400.0,9119.725886117647,3391.725886117647,142.26613472268912
previous-0.30,buffalo,水牛,80.0,10968,8648,160.0,2160.0,14032.709528470588,5224.709528470588,141.88470039215687
previous-0.30,moose,驼鹿,80.0,10962,8642,160.0,2160.0,14025.032991529413,5223.032991529413,141.8070829411765
previous-0.30,zebra,斑马,84.0,12360,9756,168.0,2436.0,15813.66609882353,5889.666098823531,141.7761124311794
previous-0.30,bear,小熊,108.0,15888,12540,216.0,3132.0,20327.469820235296,7571.469820235296,141.7455242731576
previous-0.30,monkey,猴子,68.0,10680,8436,136.0,2108.0,13664.235755294118,5092.235755294118,141.56716106708342
previous-0.30,gorilla,大猩猩,84.0,13200,10428,168.0,2604.0,16888.381270588237,6292.381270588237,141.6429059365682
previous-0.30,giraffe,长颈鹿,108.0,18048,14268,216.0,3564.0,23091.023119058824,8607.023119058824,141.49896518122404
previous-0.30,rhino,犀牛,156.0,26064,20604,312.0,5148.0,33346.87647247059,12430.87647247059,141.47001694775815
previous-0.30,hippo,河马,108.0,19136,15140,216.0,3780.0,24483.035151058826,9127.035151058826,141.4559563772176
previous-0.30,crocodile,鳄鱼,156.0,27624,21852,312.0,5460.0,35342.77607717647,13178.776077176473,141.36952522301232
previous-0.30,lion,狮子,168.0,31416,24864,336.0,6216.0,40194.347424,14994.347424,141.22180540540543
previous-0.30,elephant,大象,216.0,42560,33704,432.0,8424.0,54452.23536941177,20316.23536941177,141.1708852019441
previous-0.30,panda,大熊猫,120.0,23648,18728,240.0,4680.0,30255.790930823532,11287.790930823532,141.19211390648573
previous-0.30,sloth,树懒,216.0,46880,37160,432.0,9288.0,59979.34196705883,22387.341967058826,141.03512023103818
conservative-0.10,chicken,小鸡,0.5833333333333334,18,13,1.1666666666666667,3.833333333333333,18.5466654635294,4.379998796862734,14.260838179027854
conservative-0.10,rabbit,垂耳兔,1.1666666666666667,48,37,2.3333333333333335,8.666666666666666,49.45777456941174,10.124441236078406,16.82047580090465
conservative-0.10,dog,小狗,3.1666666666666665,120,91,6.333333333333333,22.666666666666668,123.64443642352934,26.31110309019601,16.078395986158853
conservative-0.10,duck,小鸭,3.5,180,141,7.0,32.0,185.46665463529402,37.46665463529402,17.08329573529378
conservative-0.10,sheep,绵羊,6.5,306,234,13.0,59.0,315.2933128799998,68.2933128799998,15.751377762711554
conservative-0.10,goose,白鹅,7.0,408,317,14.0,77.0,420.39108383999974,89.39108383999974,16.09231667532436
conservative-0.10,goat,山羊,13.0,756,587,26.0,143.0,778.9599494682349,165.95994946823487,16.055908719045345
conservative-0.10,cow,奶牛,18.0,1224,954,36.0,234.0,1261.1732515199992,271.1732515199992,15.88600492307661
conservative-0.10,cat,橘猫,20.0,1350,1050,40.0,260.0,1390.999909764705,300.9999097647051,15.769196063348106
conservative-0.10,pig,小猪,27.0,2088,1629,54.0,405.0,2151.4131937694106,468.41319376941055,15.657578708496425
conservative-0.10,parrot,鹦鹉,18.0,1392,1086,36.0,270.0,1434.2754625129403,312.2754625129403,15.657578708496425
conservative-0.10,turtle,小乌龟,27.0,2088,1629,54.0,405.0,2151.4131937694106,468.41319376941055,15.657578708496425
conservative-0.10,horse,小马,36.0,3144,2460,72.0,612.0,3239.484234296469,707.4842342964689,15.601999068050443
conservative-0.10,frog,青蛙,26.0,2280,1786,52.0,442.0,2349.2442920470576,511.24429204705757,15.666129422411194
conservative-0.10,peacock,孔雀,36.0,3520,2764,72.0,684.0,3626.903468423527,790.9034684235271,15.629162050223291
conservative-0.10,fox,小狐狸,35.0,3408,2673,70.0,665.0,3511.501994428233,768.501994428233,15.56420968845613
conservative-0.10,alpaca,羊驼,52.0,5568,4372,104.0,1092.0,5737.101850051761,1261.1018500517612,15.485517404007453
conservative-0.10,hedgehog,刺猬,35.0,3768,2963,70.0,735.0,3882.4353036988214,849.4353036988214,15.569429074669564
conservative-0.10,deer,梅花鹿,52.0,6084,4784,104.0,1196.0,6268.7729266729375,1380.7729266729375,15.449241360613508
conservative-0.10,owl,猫头鹰,52.0,6084,4784,104.0,1196.0,6268.7729266729375,1380.7729266729375,15.449241360613508
conservative-0.10,penguin,企鹅,72.0,9152,7208,144.0,1800.0,9429.949017901172,2077.949017901172,15.441612105620614
conservative-0.10,snake,小蛇,56.0,7128,5616,112.0,1400.0,7344.479523557643,1616.479523557643,15.462823111260201
conservative-0.10,buffalo,水牛,80.0,10968,8648,160.0,2160.0,11301.101489110582,2493.1014891105824,15.421365236601007
conservative-0.10,moose,驼鹿,80.0,10962,8642,160.0,2160.0,11294.919267289406,2492.919267289406,15.412929041176168
conservative-0.10,zebra,斑马,84.0,12360,9756,168.0,2436.0,12735.376951623522,2811.3769516235225,15.40956287452882
conservative-0.10,bear,小熊,108.0,15888,12540,216.0,3132.0,16370.523382475285,3614.523382475285,15.406238265494402
conservative-0.10,monkey,猴子,68.0,10680,8436,136.0,2108.0,11004.354841694112,2432.354841694112,15.386852072775675
conservative-0.10,gorilla,大猩猩,84.0,13200,10428,168.0,2604.0,13600.888006588228,3004.8880065882277,15.39508473841119
conservative-0.10,giraffe,长颈鹿,108.0,18048,14268,216.0,3564.0,18596.12323809881,4112.123238098811,15.379439901762423
conservative-0.10,rhino,犀牛,156.0,26064,20604,312.0,5148.0,26855.57159119057,5939.571591190572,15.37629353517041
conservative-0.10,hippo,河马,108.0,19136,15140,216.0,3780.0,19717.166128338813,4361.166128338813,15.374765299968573
conservative-0.10,crocodile,鳄鱼,156.0,27624,21852,312.0,5460.0,28462.949264696454,6298.949264696454,15.365371148286707
conservative-0.10,lion,狮子,168.0,31416,24864,336.0,6216.0,32370.11345567998,7170.113455679981,15.349315567567265
conservative-0.10,elephant,大象,216.0,42560,33704,432.0,8424.0,43852.56011821174,9716.560118211739,15.34378108038627
conservative-0.10,panda,大熊猫,120.0,23648,18728,240.0,4680.0,24366.196937863515,5398.196937863515,15.34608841588708
conservative-0.10,sloth,树懒,216.0,46880,37160,432.0,9288.0,48303.759829458795,10711.759829458795,15.329024864974114
conservative-0.20,chicken,小鸡,0.5833333333333334,18,13,1.1666666666666667,3.833333333333333,19.081461854117656,4.914795187450989,28.212048368286624
conservative-0.20,rabbit,垂耳兔,1.1666666666666667,48,37,2.3333333333333335,8.666666666666666,50.88389827764708,11.550564944313743,33.275749357466275
conservative-0.20,dog,小狗,3.1666666666666665,120,91,6.333333333333333,22.666666666666668,127.20974569411769,29.876412360784354,31.807701591695704
conservative-0.20,duck,小鸭,3.5,180,141,7.0,32.0,190.81461854117654,42.81461854117654,33.795682941176686
conservative-0.20,sheep,绵羊,6.5,306,234,13.0,59.0,324.3848515200001,77.3848515200001,31.160765288135796
conservative-0.20,goose,白鹅,7.0,408,317,14.0,77.0,432.51313536000015,101.51313536000015,31.83524072727293
conservative-0.20,goat,山羊,13.0,756,587,26.0,143.0,801.4213978729415,188.4213978729415,31.763215295763263
conservative-0.20,cow,奶牛,18.0,1224,954,36.0,234.0,1297.5394060800004,307.5394060800004,31.42709661538482
conservative-0.20,cat,橘猫,20.0,1350,1050,40.0,260.0,1431.109639058824,341.1096390588241,31.196015022624636
conservative-0.20,pig,小猪,27.0,2088,1629,54.0,405.0,2213.4495750776478,530.4495750776478,30.975203722876017
conservative-0.20,parrot,鹦鹉,18.0,1392,1086,36.0,270.0,1475.6330500517652,353.63305005176517,30.975203722876017
conservative-0.20,turtle,小乌龟,27.0,2088,1629,54.0,405.0,2213.4495750776478,530.4495750776478,30.975203722876017
conservative-0.20,horse,小马,36.0,3144,2460,72.0,612.0,3332.8953371858834,800.8953371858834,30.865251174163983
conservative-0.20,frog,青蛙,26.0,2280,1786,52.0,442.0,2416.985168188236,578.985168188236,30.992119499600946
conservative-0.20,peacock,孔雀,36.0,3520,2764,72.0,684.0,3731.485873694119,895.4858736941192,30.91898738218114
conservative-0.20,fox,小狐狸,35.0,3408,2673,70.0,665.0,3612.7567777129425,869.7567777129425,30.790492889164284
conservative-0.20,alpaca,羊驼,52.0,5568,4372,104.0,1092.0,5902.532200207061,1426.5322002070607,30.634816868778476
conservative-0.20,hedgehog,刺猬,35.0,3768,2963,70.0,735.0,3994.3860147952955,961.3860147952955,30.800818339495994
conservative-0.20,deer,梅花鹿,52.0,6084,4784,104.0,1196.0,6449.534106691767,1561.5341066917672,30.563052398977174
conservative-0.20,owl,猫头鹰,52.0,6084,4784,104.0,1196.0,6449.534106691767,1561.5341066917672,30.563052398977174
conservative-0.20,penguin,企鹅,72.0,9152,7208,144.0,1800.0,9701.863271604709,2349.8632716047086,30.547959533594966
conservative-0.20,snake,小蛇,56.0,7128,5616,112.0,1400.0,7556.258894230591,1828.258894230591,30.589921016470782
conservative-0.20,buffalo,水牛,80.0,10968,8648,160.0,2160.0,11626.970756442357,2818.970756442357,30.507905390849864
conservative-0.20,moose,驼鹿,80.0,10962,8642,160.0,2160.0,11620.61026915765,2818.6102691576507,30.491216164706074
conservative-0.20,zebra,斑马,84.0,12360,9756,168.0,2436.0,13102.603806494122,3178.603806494122,30.4845569168359
conservative-0.20,bear,小熊,108.0,15888,12540,216.0,3132.0,16842.570329901184,4086.570329901184,30.477979881902378
conservative-0.20,monkey,猴子,68.0,10680,8436,136.0,2108.0,11321.667366776475,2749.6673667764753,30.439628404956103
conservative-0.20,gorilla,大猩猩,84.0,13200,10428,168.0,2604.0,13993.072026352946,3397.0720263529456,30.45591499051253
conservative-0.20,giraffe,长颈鹿,108.0,18048,14268,216.0,3564.0,19132.3457523953,4648.3457523953,30.424964994256488
conservative-0.20,rhino,犀牛,156.0,26064,20604,312.0,5148.0,27629.956764762363,6713.956764762363,30.41874057424947
conservative-0.20,hippo,河马,108.0,19136,15140,216.0,3780.0,20285.7141133553,4929.714113355301,30.415717284531784
conservative-0.20,crocodile,鳄鱼,156.0,27624,21852,312.0,5460.0,29283.683458785894,7119.683458785894,30.397132944796574
conservative-0.20,lion,狮子,168.0,31416,24864,336.0,6216.0,33303.51142272001,8103.51142272001,30.36537037837857
conservative-0.20,elephant,大象,216.0,42560,33704,432.0,8424.0,45117.05647284708,10981.056472847078,30.354421567510386
conservative-0.20,panda,大熊猫,120.0,23648,18728,240.0,4680.0,25068.800551454126,6100.8005514541255,30.358986142182193
conservative-0.20,sloth,树懒,216.0,46880,37160,432.0,9288.0,49696.60731783531,12104.60731783531,30.3252295201907
conservative-0.30,chicken,小鸡,0.5833333333333334,18,13,1.1666666666666667,3.833333333333333,19.6043891717647,5.4377225050980345,41.85363056777486
conservative-0.30,rabbit,垂耳兔,1.1666666666666667,48,37,2.3333333333333335,8.666666666666666,52.27837112470587,12.945037791372537,49.36582066968317
conservative-0.30,dog,小狗,3.1666666666666665,120,91,6.333333333333333,22.666666666666668,130.69592781176468,33.36259447843134,47.1879168166089
conservative-0.30,duck,小鸭,3.5,180,141,7.0,32.0,196.04389171764703,48.04389171764703,50.13716161764697
conservative-0.30,sheep,绵羊,6.5,306,234,13.0,59.0,333.27461592,86.27461591999997,46.22816257627109
conservative-0.30,goose,白鹅,7.0,408,317,14.0,77.0,444.3661545599999,113.36615455999993,47.22877215584406
conservative-0.30,goat,山羊,13.0,756,587,26.0,143.0,823.3843452141175,210.3843452141175,47.121919730152115
conservative-0.30,cow,奶牛,18.0,1224,954,36.0,234.0,1333.09846368,343.0984636799999,46.62327507692298
conservative-0.30,cat,橘猫,20.0,1350,1050,40.0,260.0,1470.3291878823527,380.3291878823527,46.280456877827966
conservative-0.30,pig,小猪,27.0,2088,1629,54.0,405.0,2274.1091439247057,591.1091439247057,45.95287504313716
conservative-0.30,parrot,鹦鹉,18.0,1392,1086,36.0,270.0,1516.0727626164703,394.0727626164703,45.95287504313716
conservative-0.30,turtle,小乌龟,27.0,2088,1629,54.0,405.0,2274.1091439247057,591.1091439247057,45.95287504313716
conservative-0.30,horse,小马,36.0,3144,2460,72.0,612.0,3424.2333086682347,892.2333086682347,45.789756318339016
conservative-0.30,frog,青蛙,26.0,2280,1786,52.0,442.0,2483.222628423529,645.2226284235289,45.97797023156765
conservative-0.30,peacock,孔雀,36.0,3520,2764,72.0,684.0,3833.747215811764,997.7472158117639,45.86947599587194
conservative-0.30,fox,小狐狸,35.0,3408,2673,70.0,665.0,3711.764349854117,968.764349854117,45.67884960212286
conservative-0.30,alpaca,羊驼,52.0,5568,4372,104.0,1092.0,6064.291050465881,1588.2910504658812,45.44789839431148
conservative-0.30,hedgehog,刺猬,35.0,3768,2963,70.0,735.0,4103.8521332894115,1070.8521332894115,45.6941677944777
conservative-0.30,deer,梅花鹿,52.0,6084,4784,104.0,1196.0,6626.28354005647,1738.28354005647,45.34143311508942
conservative-0.30,owl,猫头鹰,52.0,6084,4784,104.0,1196.0,6626.28354005647,1738.28354005647,45.34143311508942
conservative-0.30,penguin,企鹅,72.0,9152,7208,144.0,1800.0,9967.742761110587,2615.742761110587,45.31904228392148
conservative-0.30,snake,小蛇,56.0,7128,5616,112.0,1400.0,7763.338112018822,2035.3381120188224,45.381293715630164
conservative-0.30,buffalo,水牛,80.0,10968,8648,160.0,2160.0,11945.607801995293,3137.607801995293,45.25962046274501
conservative-0.30,moose,驼鹿,80.0,10962,8642,160.0,2160.0,11939.073005604703,3137.073005604703,45.23486137058815
conservative-0.30,zebra,斑马,84.0,12360,9756,168.0,2436.0,13461.680564611763,3537.6805646117627,45.22498212691964
conservative-0.30,bear,小熊,108.0,15888,12540,216.0,3132.0,17304.140842277644,4548.140842277644,45.21522484922236
conservative-0.30,monkey,猴子,68.0,10680,8436,136.0,2108.0,11631.937575247057,3059.937575247057,45.1583289965397
conservative-0.30,gorilla,大猩猩,84.0,13200,10428,168.0,2604.0,14376.552059294116,3780.5520592941157,45.182490756302435
conservative-0.30,giraffe,长颈鹿,108.0,18048,14268,216.0,3564.0,19656.66754288941,5172.667542889409,45.1365752774806
conservative-0.30,rhino,犀牛,156.0,26064,20604,312.0,5148.0,28387.15552071529,7471.155520715289,45.127341117235616
conservative-0.30,hippo,河马,108.0,19136,15140,216.0,3780.0,20841.643955049407,5485.643955049407,45.12285595368806
conservative-0.30,crocodile,鳄鱼,156.0,27624,21852,312.0,5460.0,30086.20258226823,7922.20258226823,45.09528538952803
conservative-0.30,lion,狮子,168.0,31416,24864,336.0,6216.0,34216.193901119994,9016.193901119994,45.048164432432344
conservative-0.30,elephant,大象,216.0,42560,33704,432.0,8424.0,46353.48906390587,12217.489063905872,45.031921461370786
conservative-0.30,panda,大熊猫,120.0,23648,18728,240.0,4680.0,25755.81084077176,6787.810840771759,45.03869317888377
conservative-0.30,sloth,树懒,216.0,46880,37160,432.0,9288.0,51058.5424651294,13466.542465129402,44.988613965648184
recommended-0.10,chicken,小鸡,0.5833333333333334,18,13,1.1666666666666667,3.833333333333333,18.543425819929414,4.376759153262747,14.176325737289044
recommended-0.10,rabbit,垂耳兔,1.1666666666666667,48,37,2.3333333333333335,8.666666666666666,49.44913551981177,10.115802186478435,16.720794459366566
recommended-0.10,dog,小狗,3.1666666666666665,120,91,6.333333333333333,22.666666666666668,123.62283879952942,26.289505466196086,15.983112350865097
recommended-0.10,duck,小鸭,3.5,180,141,7.0,32.0,185.43425819929413,37.434258199294135,16.982056872794164
recommended-0.10,sheep,绵羊,6.5,306,234,13.0,59.0,315.2382389388,68.23823893880001,15.658032099661062
recommended-0.10,goose,白鹅,7.0,408,317,14.0,77.0,420.31765191840003,89.31765191840003,15.996950543376668
recommended-0.10,goat,山羊,13.0,756,587,26.0,143.0,778.8238844370353,165.8238844370353,15.960758347577176
recommended-0.10,cow,奶牛,18.0,1224,954,36.0,234.0,1260.9529557552,270.95295575520004,15.791861433846199
recommended-0.10,cat,橘猫,20.0,1350,1050,40.0,260.0,1390.756936494706,300.756936494706,15.675744805656153
recommended-0.10,pig,小猪,27.0,2088,1629,54.0,405.0,2151.0373951118117,468.03739511181175,15.564788916496777
recommended-0.10,parrot,鹦鹉,18.0,1392,1086,36.0,270.0,1434.0249300745413,312.0249300745413,15.564788916496777
recommended-0.10,turtle,小乌龟,27.0,2088,1629,54.0,405.0,2151.0373951118117,468.03739511181175,15.564788916496777
recommended-0.10,horse,小马,36.0,3144,2460,72.0,612.0,3238.918376547671,706.918376547671,15.509538651580208
recommended-0.10,frog,青蛙,26.0,2280,1786,52.0,442.0,2348.833937191059,510.8339371910588,15.573288957253173
recommended-0.10,peacock,孔雀,36.0,3520,2764,72.0,684.0,3626.26993811953,790.2699381195298,15.536540660749958
recommended-0.10,fox,小狐狸,35.0,3408,2673,70.0,665.0,3510.8886219066358,767.8886219066358,15.471973219042944
recommended-0.10,alpaca,羊驼,52.0,5568,4372,104.0,1092.0,5736.099720298165,1260.0997202981653,15.393747280051755
recommended-0.10,hedgehog,刺猬,35.0,3768,2963,70.0,735.0,3881.7571383052236,848.7571383052236,15.477161674180115
recommended-0.10,deer,梅花鹿,52.0,6084,4784,104.0,1196.0,6267.677927136142,1379.677927136142,15.357686215396463
recommended-0.10,owl,猫头鹰,52.0,6084,4784,104.0,1196.0,6267.677927136142,1379.677927136142,15.357686215396463
recommended-0.10,penguin,企鹅,72.0,9152,7208,144.0,1800.0,9428.301839110778,2076.301839110778,15.350102172820957
recommended-0.10,snake,小蛇,56.0,7128,5616,112.0,1400.0,7343.196624692047,1615.1966246920474,15.371187478003403
recommended-0.10,buffalo,水牛,80.0,10968,8648,160.0,2160.0,11299.127466276988,2491.1274662769883,15.329975290601352
recommended-0.10,moose,驼鹿,80.0,10962,8642,160.0,2160.0,11292.946324337012,2490.946324337012,15.321589089676513
recommended-0.10,zebra,斑马,84.0,12360,9756,168.0,2436.0,12733.15239635153,2809.15239635153,15.318242871573501
recommended-0.10,bear,小熊,108.0,15888,12540,216.0,3132.0,16367.663857057696,3611.663857057696,15.314937964805091
recommended-0.10,monkey,猴子,68.0,10680,8436,136.0,2108.0,11002.43265315812,2430.432653158119,15.29566665835477
recommended-0.10,gorilla,大猩猩,84.0,13200,10428,168.0,2604.0,13598.512267948236,3002.5122679482356,15.30385053564656
recommended-0.10,giraffe,长颈鹿,108.0,18048,14268,216.0,3564.0,18592.874955449224,4108.874955449224,15.28829841327792
recommended-0.10,rhino,犀牛,156.0,26064,20604,312.0,5148.0,26850.88058725779,5934.8805872577905,15.28517069265327
recommended-0.10,hippo,河马,108.0,19136,15140,216.0,3780.0,19713.722027231626,4357.722027231626,15.283651514064156
recommended-0.10,crocodile,鳄鱼,156.0,27624,21852,312.0,5460.0,28457.977491651673,6293.977491651673,15.274313033913426
recommended-0.10,lion,狮子,168.0,31416,24864,336.0,6216.0,32364.459197716802,7164.459197716802,15.258352601621663
recommended-0.10,elephant,大象,216.0,42560,33704,432.0,8424.0,43844.90016089977,9708.900160899771,15.252850912865245
recommended-0.10,panda,大熊猫,120.0,23648,18728,240.0,4680.0,24361.940766093932,5393.940766093932,15.255144574656654
recommended-0.10,sloth,树懒,216.0,46880,37160,432.0,9288.0,48295.322357682824,10703.322357682824,15.238182145594612
recommended-0.20,chicken,小鸡,0.5833333333333334,18,13,1.1666666666666667,3.833333333333333,19.074983279717653,4.908316613050986,28.04304207959096
recommended-0.20,rabbit,垂耳兔,1.1666666666666667,48,37,2.3333333333333335,8.666666666666666,50.86662207924708,11.533288745913746,33.076408606697036
recommended-0.20,dog,小狗,3.1666666666666665,120,91,6.333333333333333,22.666666666666668,127.16655519811769,29.83322186478436,31.617155285813336
recommended-0.20,duck,小鸭,3.5,180,141,7.0,32.0,190.74983279717654,42.74983279717654,33.59322749117667
recommended-0.20,sheep,绵羊,6.5,306,234,13.0,59.0,324.27471575520013,77.27471575520013,30.974094500339167
recommended-0.20,goose,白鹅,7.0,408,317,14.0,77.0,432.36628767360014,101.36628767360014,31.64452944623396
recommended-0.20,goat,山羊,13.0,756,587,26.0,143.0,801.1492977481414,188.1492977481414,31.572935488210803
recommended-0.20,cow,奶牛,18.0,1224,954,36.0,234.0,1297.0988630208005,307.09886302080054,31.23883035076942
recommended-0.20,cat,橘猫,20.0,1350,1050,40.0,260.0,1430.623745978824,340.623745978824,31.009133068778468
recommended-0.20,pig,小猪,27.0,2088,1629,54.0,405.0,2212.698060447248,529.6980604472478,30.789644554876006
recommended-0.20,parrot,鹦鹉,18.0,1392,1086,36.0,270.0,1475.1320402981653,353.1320402981653,30.789644554876006
recommended-0.20,turtle,小乌龟,27.0,2088,1629,54.0,405.0,2212.698060447248,529.6980604472478,30.789644554876006
recommended-0.20,horse,小马,36.0,3144,2460,72.0,612.0,3331.7637461906834,799.7637461906834,30.680350684752206
recommended-0.20,frog,青蛙,26.0,2280,1786,52.0,442.0,2416.1645487642363,578.1645487642363,30.806458996433513
recommended-0.20,peacock,孔雀,36.0,3520,2764,72.0,684.0,3730.218952478119,894.2189524781188,30.73376498218113
recommended-0.20,fox,小狐狸,35.0,3408,2673,70.0,665.0,3611.5301676265426,868.5301676265426,30.60604024459284
recommended-0.20,alpaca,羊驼,52.0,5568,4372,104.0,1092.0,5900.528161192661,1424.5281611926612,30.451296812514727
recommended-0.20,hedgehog,刺猬,35.0,3768,2963,70.0,735.0,3993.0298332208954,960.0298332208954,30.616303839577615
recommended-0.20,deer,梅花鹿,52.0,6084,4784,104.0,1196.0,6447.344348544567,1559.3443485445669,30.37996225289021
recommended-0.20,owl,猫头鹰,52.0,6084,4784,104.0,1196.0,6447.344348544567,1559.3443485445669,30.37996225289021
recommended-0.20,penguin,企鹅,72.0,9152,7208,144.0,1800.0,9698.56927644311,2346.5692764431096,30.364959802394953
recommended-0.20,snake,小蛇,56.0,7128,5616,112.0,1400.0,7553.693378768191,1825.693378768191,30.40666991201363
recommended-0.20,buffalo,水牛,80.0,10968,8648,160.0,2160.0,11623.023145107956,2815.023145107956,30.32514560684986
recommended-0.20,moose,驼鹿,80.0,10962,8642,160.0,2160.0,11616.664817348052,2814.6648173480517,30.308556358706063
recommended-0.20,zebra,斑马,84.0,12360,9756,168.0,2436.0,13098.155185406122,3174.1551854061217,30.30193700353539
recommended-0.20,bear,小熊,108.0,15888,12540,216.0,3132.0,16836.851908230783,4080.851908230783,30.29539936879892
recommended-0.20,monkey,猴子,68.0,10680,8436,136.0,2108.0,11317.823412632475,2745.823412632475,30.25727763911169
recommended-0.20,gorilla,大猩猩,84.0,13200,10428,168.0,2604.0,13988.321071792945,3392.321071792945,30.273466658715282
recommended-0.20,giraffe,长颈鹿,108.0,18048,14268,216.0,3564.0,19125.8499017969,4641.849901796901,30.24270207062011
recommended-0.20,rhino,犀牛,156.0,26064,20604,312.0,5148.0,27620.57578903116,6704.575789031162,30.236514938445264
recommended-0.20,hippo,河马,108.0,19136,15140,216.0,3780.0,20278.8266689265,4922.8266689265,30.23350975996035
recommended-0.20,crocodile,鳄鱼,156.0,27624,21852,312.0,5460.0,29273.74100660669,7109.741006606691,30.215036751038323
recommended-0.20,lion,狮子,168.0,31416,24864,336.0,6216.0,33292.20415086721,8092.204150867212,30.18346446054072
recommended-0.20,elephant,大象,216.0,42560,33704,432.0,8424.0,45101.73824359907,10965.738243599073,30.172581239305245
recommended-0.20,panda,大熊猫,120.0,23648,18728,240.0,4680.0,25060.289144375725,6092.289144375725,30.1771184695668
recommended-0.20,sloth,树懒,216.0,46880,37160,432.0,9288.0,49679.73423073131,12087.734230731308,30.143564069027896
recommended-0.30,chicken,小鸡,0.5833333333333334,18,13,1.1666666666666667,3.833333333333333,19.594672379364706,5.428005712698039,41.60014902690534
recommended-0.30,rabbit,垂耳兔,1.1666666666666667,48,37,2.3333333333333335,8.666666666666666,52.25245967830588,12.919126344972549,49.066842441990914
recommended-0.30,dog,小狗,3.1666666666666665,120,91,6.333333333333333,22.666666666666668,130.6311491957647,33.29781586243136,46.90212880484425
recommended-0.30,duck,小鸭,3.5,180,141,7.0,32.0,195.94672379364704,47.94672379364704,49.833511855147016
recommended-0.30,sheep,绵羊,6.5,306,234,13.0,59.0,333.1094304492,86.10943044919998,45.948187202033864
recommended-0.30,goose,白鹅,7.0,408,317,14.0,77.0,444.1459072656,113.14590726559999,46.942736708571395
recommended-0.30,goat,山羊,13.0,756,587,26.0,143.0,822.9762399333176,209.97623993331763,46.83653142190042
recommended-0.30,cow,奶牛,18.0,1224,954,36.0,234.0,1332.4377217968,342.4377217967999,46.34090675076919
recommended-0.30,cat,橘猫,20.0,1350,1050,40.0,260.0,1469.6004284523528,379.60042845235284,46.00016478936648
recommended-0.30,pig,小猪,27.0,2088,1629,54.0,405.0,2272.981996006306,589.981996006306,45.67456691513721
recommended-0.30,parrot,鹦鹉,18.0,1392,1086,36.0,270.0,1515.3213306708706,393.32133067087057,45.67456691513722
recommended-0.30,turtle,小乌龟,27.0,2088,1629,54.0,405.0,2272.981996006306,589.981996006306,45.67456691513721
recommended-0.30,horse,小马,36.0,3144,2460,72.0,612.0,3422.536108929035,890.536108929035,45.51243609951554
recommended-0.30,frog,青蛙,26.0,2280,1786,52.0,442.0,2481.9918347195294,643.9918347195294,45.69951011754056
recommended-0.30,peacock,孔雀,36.0,3520,2764,72.0,684.0,3831.8470430757643,995.8470430757643,45.59167296429305
recommended-0.30,fox,小狐狸,35.0,3408,2673,70.0,665.0,3709.9246371597173,966.9246371597173,45.402201076649234
recommended-0.30,alpaca,羊驼,52.0,5568,4372,104.0,1092.0,6061.285322683482,1585.2853226834823,45.17264859738846
recommended-0.30,hedgehog,刺猬,35.0,3768,2963,70.0,735.0,4101.818084747011,1068.8180847470112,45.417426496192036
recommended-0.30,deer,梅花鹿,52.0,6084,4784,104.0,1196.0,6622.99926422527,1734.99926422527,45.066828112480785
recommended-0.30,owl,猫头鹰,52.0,6084,4784,104.0,1196.0,6622.99926422527,1734.99926422527,45.066828112480785
recommended-0.30,penguin,企鹅,72.0,9152,7208,144.0,1800.0,9962.802311996988,2610.8023119969876,45.04457288872153
recommended-0.30,snake,小蛇,56.0,7128,5616,112.0,1400.0,7759.490262228423,2031.4902622284226,45.10644730203022
recommended-0.30,buffalo,水牛,80.0,10968,8648,160.0,2160.0,11939.687036492893,3131.6870364928927,44.98551094874506
recommended-0.30,moose,驼鹿,80.0,10962,8642,160.0,2160.0,11933.155479033105,3131.1554790331047,44.9609018070882
recommended-0.30,zebra,斑马,84.0,12360,9756,168.0,2436.0,13455.008367163764,3531.008367163764,44.95108239588521
recommended-0.30,bear,小熊,108.0,15888,12540,216.0,3132.0,17295.564153519244,4539.564153519244,44.94138421198103
recommended-0.30,monkey,猴子,68.0,10680,8436,136.0,2108.0,11626.172278423059,3054.1722784230587,44.88483294227031
recommended-0.30,gorilla,大猩猩,84.0,13200,10428,168.0,2604.0,14369.426411534118,3773.4264115341175,44.908848369205714
recommended-0.30,giraffe,长颈鹿,108.0,18048,14268,216.0,3564.0,19646.92483904301,5162.924839043011,44.86321097202611
recommended-0.30,rhino,犀牛,156.0,26064,20604,312.0,5148.0,28373.08560532009,7457.085605320091,44.85403273737553
recommended-0.30,hippo,河马,108.0,19136,15140,216.0,3780.0,20831.31392508461,5475.313925084611,44.84957473768811
recommended-0.30,crocodile,鳄鱼,156.0,27624,21852,312.0,5460.0,30071.290544865034,7907.2905448650345,44.82217115137424
recommended-0.30,lion,狮子,168.0,31416,24864,336.0,6216.0,34199.2348594512,8999.2348594512,44.77533557675672
recommended-0.30,elephant,大象,216.0,42560,33704,432.0,8424.0,46330.51424809788,12194.514248097883,44.759190979319555
recommended-0.30,panda,大熊猫,120.0,23648,18728,240.0,4680.0,25743.045134845364,6775.045134845364,44.76592168472998
recommended-0.30,sloth,树懒,216.0,46880,37160,432.0,9288.0,51033.23561914541,13441.23561914541,44.7161457702994
lifecycle-short-0.10,chicken,小鸡,0.5833333333333334,18,13,1.1666666666666667,3.833333333333333,18.57776343352941,4.411096766862742,15.072089570332405
lifecycle-short-0.10,rabbit,垂耳兔,1.1666666666666667,48,37,2.3333333333333335,8.666666666666666,49.54070248941176,10.207369156078423,17.777336416289504
lifecycle-short-0.10,dog,小狗,3.1666666666666665,120,91,6.333333333333333,22.666666666666668,123.85175622352939,26.51842289019606,16.99304216262967
lifecycle-short-0.10,duck,小鸭,3.5,180,141,7.0,32.0,185.7776343352941,37.777634335294096,18.055107297794027
lifecycle-short-0.10,sheep,绵羊,6.5,306,234,13.0,59.0,315.82197836999995,68.82197836999995,16.647420966101613
lifecycle-short-0.10,goose,白鹅,7.0,408,317,14.0,77.0,421.0959711599999,90.09597115999992,17.00775475324667
lifecycle-short-0.10,goat,山羊,13.0,756,587,26.0,143.0,780.2660642082352,167.2660642082352,16.969275670094525
lifecycle-short-0.10,cow,奶牛,18.0,1224,954,36.0,234.0,1263.2879134799998,273.2879134799998,16.78970661538453
lifecycle-short-0.10,cat,橘猫,20.0,1350,1050,40.0,260.0,1393.3322575147056,303.3322575147056,16.66625289027141
lifecycle-short-0.10,pig,小猪,27.0,2088,1629,54.0,405.0,2155.0205582894114,472.0205582894114,16.548285997385538
lifecycle-short-0.10,parrot,鹦鹉,18.0,1392,1086,36.0,270.0,1436.680372192941,314.6803721929409,16.548285997385538
lifecycle-short-0.10,turtle,小乌龟,27.0,2088,1629,54.0,405.0,2155.0205582894114,472.0205582894114,16.548285997385538
lifecycle-short-0.10,horse,小马,36.0,3144,2460,72.0,612.0,3244.91601305647,712.9160130564701,16.489544617070273
lifecycle-short-0.10,frog,青蛙,26.0,2280,1786,52.0,442.0,2353.1833682470583,515.1833682470583,16.557323132818656
lifecycle-short-0.10,peacock,孔雀,36.0,3520,2764,72.0,684.0,3632.9848492235287,796.9848492235287,16.518252810457433
lifecycle-short-0.10,fox,小狐狸,35.0,3408,2673,70.0,665.0,3517.3898767482347,774.3898767482347,16.449605526050338
lifecycle-short-0.10,alpaca,羊驼,52.0,5568,4372,104.0,1092.0,5746.721488771764,1270.7214887717637,16.36643670071097
lifecycle-short-0.10,hedgehog,刺猬,35.0,3768,2963,70.0,735.0,3888.945145418823,855.9451454188229,16.455121825690192
lifecycle-short-0.10,deer,梅花鹿,52.0,6084,4784,104.0,1196.0,6279.28404053294,1391.2840405329398,16.328097034526774
lifecycle-short-0.10,owl,猫头鹰,52.0,6084,4784,104.0,1196.0,6279.28404053294,1391.2840405329398,16.328097034526774
lifecycle-short-0.10,penguin,企鹅,72.0,9152,7208,144.0,1800.0,9445.760607981176,2093.760607981176,16.320033776731943
lifecycle-short-0.10,snake,小蛇,56.0,7128,5616,112.0,1400.0,7356.794319677646,1628.794319677646,16.342451405546136
lifecycle-short-0.10,buffalo,水牛,80.0,10968,8648,160.0,2160.0,11320.050518830587,2512.050518830587,16.298635131045668
lifecycle-short-0.10,moose,驼鹿,80.0,10962,8642,160.0,2160.0,11313.857931019409,2511.857931019409,16.289719028676387
lifecycle-short-0.10,zebra,斑马,84.0,12360,9756,168.0,2436.0,12756.730891023528,2832.730891023528,16.286161372065987
lifecycle-short-0.10,bear,小熊,108.0,15888,12540,216.0,3132.0,16397.972523995293,3641.972523995293,16.28264763714213
lifecycle-short-0.10,monkey,猴子,68.0,10680,8436,136.0,2108.0,11022.806303894116,2450.8063038941164,16.262158628753127
lifecycle-short-0.10,gorilla,大猩猩,84.0,13200,10428,168.0,2604.0,13623.693184588234,3027.6931845882336,16.27085962320404
lifecycle-short-0.10,giraffe,长颈鹿,108.0,18048,14268,216.0,3564.0,18627.30413601882,4143.304136018822,16.25432480411955
lifecycle-short-0.10,rhino,犀牛,156.0,26064,20604,312.0,5148.0,26900.601451750583,5984.601451750583,16.250999451254547
lifecycle-short-0.10,hippo,河马,108.0,19136,15140,216.0,3780.0,19750.22672577882,4394.226725778819,16.249384279862973
lifecycle-short-0.10,crocodile,鳄鱼,156.0,27624,21852,312.0,5460.0,28510.674282656466,6346.674282656466,16.2394557263089
lifecycle-short-0.10,lion,狮子,168.0,31416,24864,336.0,6216.0,32424.389779319994,7224.389779319994,16.222486797297215
lifecycle-short-0.10,elephant,大象,216.0,42560,33704,432.0,8424.0,43926.089540611756,9790.089540611756,16.21663747164955
lifecycle-short-0.10,panda,大熊猫,120.0,23648,18728,240.0,4680.0,24407.052759783524,5439.052759783524,16.219076063750546
lifecycle-short-0.10,sloth,树懒,216.0,46880,37160,432.0,9288.0,48384.75276465881,10792.752764658813,16.20104182449199
lifecycle-short-0.20,chicken,小鸡,0.5833333333333334,18,13,1.1666666666666667,3.833333333333333,19.14105373411765,4.9743870674509845,29.76661915089528
lifecycle-short-0.20,rabbit,垂耳兔,1.1666666666666667,48,37,2.3333333333333335,8.666666666666666,51.04280995764707,11.709476624313739,35.109345665158536
lifecycle-short-0.20,dog,小狗,3.1666666666666665,120,91,6.333333333333333,22.666666666666668,127.60702489411769,30.273691560784354,33.56040394463683
lifecycle-short-0.20,duck,小鸭,3.5,180,141,7.0,32.0,191.41053734117654,43.410537341176536,35.657929191176635
lifecycle-short-0.20,sheep,绵羊,6.5,306,234,13.0,59.0,325.3979134800001,78.39791348000011,32.87781945762727
lifecycle-short-0.20,goose,白鹅,7.0,408,317,14.0,77.0,433.8638846400001,102.8638846400001,33.589460571428724
lifecycle-short-0.20,goat,山羊,13.0,756,587,26.0,143.0,803.9242568329414,190.9242568329414,33.51346631674224
lifecycle-short-0.20,cow,奶牛,18.0,1224,954,36.0,234.0,1301.5916539200005,311.59165392000045,33.15882646153862
lifecycle-short-0.20,cat,橘猫,20.0,1350,1050,40.0,260.0,1435.579030058824,345.57903005882395,32.915011561086125
lifecycle-short-0.20,pig,小猪,27.0,2088,1629,54.0,405.0,2220.3622331576476,537.3622331576476,32.68203287843152
lifecycle-short-0.20,parrot,鹦鹉,18.0,1392,1086,36.0,270.0,1480.241488771765,358.24148877176503,32.68203287843153
lifecycle-short-0.20,turtle,小乌龟,27.0,2088,1629,54.0,405.0,2220.3622331576476,537.3622331576476,32.68203287843152
lifecycle-short-0.20,horse,小马,36.0,3144,2460,72.0,612.0,3343.3040522258834,811.3040522258834,32.566021605536484
lifecycle-short-0.20,frog,青蛙,26.0,2280,1786,52.0,442.0,2424.533472988236,586.5334729882361,32.69988076656922
lifecycle-short-0.20,peacock,孔雀,36.0,3520,2764,72.0,684.0,3743.139396894119,907.1393968941188,32.6227188441694
lifecycle-short-0.20,fox,小狐狸,35.0,3408,2673,70.0,665.0,3624.0395069929423,881.0395069929423,32.48714390871311
lifecycle-short-0.20,alpaca,羊驼,52.0,5568,4372,104.0,1092.0,5920.96595508706,1444.9659550870601,32.322889659987226
lifecycle-short-0.20,hedgehog,刺猬,35.0,3768,2963,70.0,735.0,4006.860581675295,973.8605816752952,32.49803832316942
lifecycle-short-0.20,deer,梅花鹿,52.0,6084,4784,104.0,1196.0,6469.676162131766,1581.6761621317664,32.247170746803214
lifecycle-short-0.20,owl,猫头鹰,52.0,6084,4784,104.0,1196.0,6469.676162131766,1581.6761621317664,32.247170746803214
lifecycle-short-0.20,penguin,企鹅,72.0,9152,7208,144.0,1800.0,9732.16243192471,2380.1624319247094,32.23124621803937
lifecycle-short-0.20,snake,小蛇,56.0,7128,5616,112.0,1400.0,7579.85727871059,1851.8572787105904,32.27551990789931
lifecycle-short-0.20,buffalo,水牛,80.0,10968,8648,160.0,2160.0,11663.282075322357,2855.282075322357,32.1889849686276
lifecycle-short-0.20,moose,驼鹿,80.0,10962,8642,160.0,2160.0,11656.90172407765,2854.90172407765,32.17137611470603
lifecycle-short-0.20,zebra,斑马,84.0,12360,9756,168.0,2436.0,13143.523564094121,3219.523564094121,32.16434992176196
lifecycle-short-0.20,bear,小熊,108.0,15888,12540,216.0,3132.0,16895.170095981182,4139.170095981182,32.15741047194065
lifecycle-short-0.20,monkey,猴子,68.0,10680,8436,136.0,2108.0,11357.025215576474,2785.025215576474,32.11694571045891
lifecycle-short-0.20,gorilla,大猩猩,84.0,13200,10428,168.0,2604.0,14036.772738352945,3440.7727383529455,32.13412973705626
lifecycle-short-0.20,giraffe,长颈鹿,108.0,18048,14268,216.0,3564.0,19192.0965440753,4708.096544075299,32.10147430065374
lifecycle-short-0.20,rhino,犀牛,156.0,26064,20604,312.0,5148.0,27716.24580700236,6800.24580700236,32.09490689592775
lifecycle-short-0.20,hippo,河马,108.0,19136,15140,216.0,3780.0,20349.0669031153,4993.066903115301,32.09171701363227
lifecycle-short-0.20,crocodile,鳄鱼,156.0,27624,21852,312.0,5460.0,29375.13713062589,7211.137130625892,32.072108619521806
lifecycle-short-0.20,lion,狮子,168.0,31416,24864,336.0,6216.0,33407.51911728001,8207.519117280011,32.03859583783799
lifecycle-short-0.20,elephant,大象,216.0,42560,33704,432.0,8424.0,45257.958162447074,11121.958162447074,32.02704371375915
lifecycle-short-0.20,panda,大熊猫,120.0,23648,18728,240.0,4680.0,25147.091039134124,6179.091039134124,32.03185981055822
lifecycle-short-0.20,sloth,树懒,216.0,46880,37160,432.0,9288.0,49851.81105863531,12259.811058635307,31.996243094695387
lifecycle-short-0.30,chicken,小鸡,0.5833333333333334,18,13,1.1666666666666667,3.833333333333333,19.689870901764703,5.523204235098036,44.0835887416879
lifecycle-short-0.30,rabbit,垂耳兔,1.1666666666666667,48,37,2.3333333333333335,8.666666666666666,52.50632240470587,13.172989071372536,51.99602774660623
lifecycle-short-0.30,dog,小狗,3.1666666666666665,120,91,6.333333333333333,22.666666666666668,131.26580601176468,33.932472678431346,49.70208534602066
lifecycle-short-0.30,duck,小鸭,3.5,180,141,7.0,32.0,196.89870901764704,48.898709017647036,52.80846568014695
lifecycle-short-0.30,sheep,绵羊,6.5,306,234,13.0,59.0,334.72780532999997,87.72780532999997,48.69119547457617
lifecycle-short-0.30,goose,白鹅,7.0,408,317,14.0,77.0,446.3037404399999,115.3037404399999,49.74511745454535
lifecycle-short-0.30,goat,山羊,13.0,756,587,26.0,143.0,826.9745778741175,213.97457787411747,49.63257193994231
lifecycle-short-0.30,cow,奶牛,18.0,1224,954,36.0,234.0,1338.9112213199999,348.91122131999987,49.10735953846144
lifecycle-short-0.30,cat,橘猫,20.0,1350,1050,40.0,260.0,1476.7403176323526,386.74031763235257,48.74627601244334
lifecycle-short-0.30,pig,小猪,27.0,2088,1629,54.0,405.0,2284.0250246047053,601.0250246047053,48.401240643137164
lifecycle-short-0.30,parrot,鹦鹉,18.0,1392,1086,36.0,270.0,1522.6833497364703,400.6833497364703,48.40124064313716
lifecycle-short-0.30,turtle,小乌龟,27.0,2088,1629,54.0,405.0,2284.0250246047053,601.0250246047053,48.401240643137164
lifecycle-short-0.30,horse,小马,36.0,3144,2460,72.0,612.0,3439.1641175082345,907.1641175082345,48.22943096539783
lifecycle-short-0.30,frog,青蛙,26.0,2280,1786,52.0,442.0,2494.050314223529,656.0503142235289,48.4276729012509
lifecycle-short-0.30,peacock,孔雀,36.0,3520,2764,72.0,684.0,3850.463643011764,1014.4636430117639,48.31339810113509
lifecycle-short-0.30,fox,小狐狸,35.0,3408,2673,70.0,665.0,3727.948890734117,984.948890734117,48.11261514798752
lifecycle-short-0.30,alpaca,羊驼,52.0,5568,4372,104.0,1092.0,6090.733398945881,1614.7333989458812,47.869358877827956
lifecycle-short-0.30,hedgehog,刺猬,35.0,3768,2963,70.0,735.0,4121.746308769411,1088.7463087694114,48.128749492436874
lifecycle-short-0.30,deer,梅花鹿,52.0,6084,4784,104.0,1196.0,6655.176364796469,1767.176364796469,47.75722113682855
lifecycle-short-0.30,owl,猫头鹰,52.0,6084,4784,104.0,1196.0,6655.176364796469,1767.176364796469,47.75722113682855
lifecycle-short-0.30,penguin,企鹅,72.0,9152,7208,144.0,1800.0,10011.205471830586,2659.2054718305862,47.73363732392147
lifecycle-short-0.30,snake,小蛇,56.0,7128,5616,112.0,1400.0,7797.188877098823,2069.1888770988226,47.79920550705873
lifecycle-short-0.30,buffalo,水牛,80.0,10968,8648,160.0,2160.0,11997.694669475291,3189.6946694752914,47.67104951274501
lifecycle-short-0.30,moose,驼鹿,80.0,10962,8642,160.0,2160.0,11991.131379174703,3189.1313791747034,47.64497125808814
lifecycle-short-0.30,zebra,斑马,84.0,12360,9756,168.0,2436.0,13520.378019211763,3596.378019211763,47.63456564908713
lifecycle-short-0.30,bear,小熊,108.0,15888,12540,216.0,3132.0,17379.592715957642,4623.592715957642,47.62428850439476
lifecycle-short-0.30,monkey,猴子,68.0,10680,8436,136.0,2108.0,11682.656735047056,3110.656735047056,47.56436124511655
lifecycle-short-0.30,gorilla,大猩猩,84.0,13200,10428,168.0,2604.0,14439.238661294115,3843.2386612941154,47.58981034155588
lifecycle-short-0.30,giraffe,长颈鹿,108.0,18048,14268,216.0,3564.0,19742.37722416941,5258.37722416941,47.5414484896018
lifecycle-short-0.30,rhino,犀牛,156.0,26064,20604,312.0,5148.0,28510.93306575529,7594.933065755289,47.53172233401883
lifecycle-short-0.30,hippo,河马,108.0,19136,15140,216.0,3780.0,20932.520532009406,5576.520532009406,47.526998201307094
lifecycle-short-0.30,crocodile,鳄鱼,156.0,27624,21852,312.0,5460.0,30217.38854390823,8053.38854390823,47.49795867963791
lifecycle-short-0.30,lion,狮子,168.0,31416,24864,336.0,6216.0,34365.388013879994,9165.388013879994,47.448327121621524
lifecycle-short-0.30,elephant,大象,216.0,42560,33704,432.0,8424.0,46555.60586550587,12419.605865505873,47.43121872632804
lifecycle-short-0.30,panda,大熊猫,120.0,23648,18728,240.0,4680.0,25868.11483805176,6900.114838051759,47.43835124042223
lifecycle-short-0.30,sloth,树懒,216.0,46880,37160,432.0,9288.0,51281.1748819294,13689.1748819294,47.38560381060942
lifecycle-medium-0.10,chicken,小鸡,0.5833333333333334,18,13,1.1666666666666667,3.833333333333333,18.637564473529416,4.470897806862749,16.632116700767348
lifecycle-medium-0.10,rabbit,垂耳兔,1.1666666666666667,48,37,2.3333333333333335,8.666666666666666,49.70017192941177,10.36683859607844,19.617368416289693
lifecycle-medium-0.10,dog,小狗,3.1666666666666665,120,91,6.333333333333333,22.666666666666668,124.25042982352943,26.917096490196098,18.75189628027691
lifecycle-medium-0.10,duck,小鸭,3.5,180,141,7.0,32.0,186.37564473529414,38.375644735294145,19.92388979779422
lifecycle-medium-0.10,sheep,绵羊,6.5,306,234,13.0,59.0,316.83859605000004,69.83859605000004,18.370501779661115
lifecycle-medium-0.10,goose,白鹅,7.0,408,317,14.0,77.0,422.4514614000001,91.45146140000008,18.768131688311783
lifecycle-medium-0.10,goat,山羊,13.0,756,587,26.0,143.0,782.7777078882355,169.77770788823545,18.72566985191289
lifecycle-medium-0.10,cow,奶牛,18.0,1224,954,36.0,234.0,1267.3543842000001,277.35438420000014,18.527514615384714
lifecycle-medium-0.10,cat,橘猫,20.0,1350,1050,40.0,260.0,1397.8173355147062,307.8173355147062,18.391282890271587
lifecycle-medium-0.10,pig,小猪,27.0,2088,1629,54.0,405.0,2161.957478929412,478.957478929412,18.261105908496827
lifecycle-medium-0.10,parrot,鹦鹉,18.0,1392,1086,36.0,270.0,1441.3049859529415,319.3049859529415,18.261105908496823
lifecycle-medium-0.10,turtle,小乌龟,27.0,2088,1629,54.0,405.0,2161.957478929412,478.957478929412,18.261105908496827
lifecycle-medium-0.10,horse,小马,36.0,3144,2460,72.0,612.0,3255.3612613764712,723.3612613764712,18.19628453863908
lifecycle-medium-0.10,frog,青蛙,26.0,2280,1786,52.0,442.0,2360.758166647059,522.7581666470592,18.27107842693648
lifecycle-medium-0.10,peacock,孔雀,36.0,3520,2764,72.0,684.0,3644.6792748235302,808.6792748235302,18.227964155486852
lifecycle-medium-0.10,fox,小狐狸,35.0,3408,2673,70.0,665.0,3528.7122069882357,785.7122069882357,18.152211577178335
lifecycle-medium-0.10,alpaca,羊驼,52.0,5568,4372,104.0,1092.0,5765.219943811766,1289.219943811766,18.06043441499686
lifecycle-medium-0.10,hedgehog,刺猬,35.0,3768,2963,70.0,735.0,3901.463496458824,868.463496458824,18.158298837935266
lifecycle-medium-0.10,deer,梅花鹿,52.0,6084,4784,104.0,1196.0,6299.4967920529425,1411.4967920529425,18.018126425831294
lifecycle-medium-0.10,owl,猫头鹰,52.0,6084,4784,104.0,1196.0,6299.4967920529425,1411.4967920529425,18.018126425831294
lifecycle-medium-0.10,penguin,企鹅,72.0,9152,7208,144.0,1800.0,9476.166114541178,2124.166114541178,18.009228585621006
lifecycle-medium-0.10,snake,小蛇,56.0,7128,5616,112.0,1400.0,7380.475531517648,1652.475531517648,18.033966536974884
lifecycle-medium-0.10,buffalo,水牛,80.0,10968,8648,160.0,2160.0,11356.48928587059,2548.48928587059,17.9856150866014
lifecycle-medium-0.10,moose,驼鹿,80.0,10962,8642,160.0,2160.0,11350.276764379414,2548.276764379414,17.975776128676564
lifecycle-medium-0.10,zebra,斑马,84.0,12360,9756,168.0,2436.0,12797.794271823532,2873.7942718235317,17.971850239061233
lifecycle-medium-0.10,bear,小熊,108.0,15888,12540,216.0,3132.0,16450.756908635296,3694.756908635296,17.967972817218932
lifecycle-medium-0.10,monkey,猴子,68.0,10680,8436,136.0,2108.0,11058.288254294119,2486.288254294119,17.94536310693167
lifecycle-medium-0.10,gorilla,大猩猩,84.0,13200,10428,168.0,2604.0,13667.547280588238,3071.547280588238,17.954964692328637
lifecycle-medium-0.10,giraffe,长颈鹿,108.0,18048,14268,216.0,3564.0,18687.26464545883,4203.264645458828,17.936718447217366
lifecycle-medium-0.10,rhino,犀牛,156.0,26064,20604,312.0,5148.0,26987.193357670592,6071.193357670592,17.933048905800174
lifecycle-medium-0.10,hippo,河马,108.0,19136,15140,216.0,3780.0,19813.801875858826,4457.801875858826,17.931266557111826
lifecycle-medium-0.10,crocodile,鳄鱼,156.0,27624,21852,312.0,5460.0,28602.448945376476,6438.448945376476,17.920310354880506
lifecycle-medium-0.10,lion,狮子,168.0,31416,24864,336.0,6216.0,32528.762527800005,7328.762527800005,17.90158506756766
lifecycle-medium-0.10,elephant,大象,216.0,42560,33704,432.0,8424.0,44067.48577741177,9931.48577741177,17.895130311155892
lifecycle-medium-0.10,panda,大熊猫,120.0,23648,18728,240.0,4680.0,24485.618037223532,5517.618037223532,17.897821308195166
lifecycle-medium-0.10,sloth,树懒,216.0,46880,37160,432.0,9288.0,48540.501251058835,10948.501251058835,17.877920446369853
lifecycle-medium-0.20,chicken,小鸡,0.5833333333333334,18,13,1.1666666666666667,3.833333333333333,19.25785789411765,5.091191227450982,32.813684194373494
lifecycle-medium-0.20,rabbit,垂耳兔,1.1666666666666667,48,37,2.3333333333333335,8.666666666666666,51.35428771764707,12.020954384313734,38.70331981900463
lifecycle-medium-0.20,dog,小狗,3.1666666666666665,120,91,6.333333333333333,22.666666666666668,128.38571929411768,31.052385960784346,36.99582041522502
lifecycle-medium-0.20,duck,小鸭,3.5,180,141,7.0,32.0,192.57857894117652,44.57857894117652,39.30805919117658
lifecycle-medium-0.20,sheep,绵羊,6.5,306,234,13.0,59.0,327.3835842000001,80.38358420000009,36.243363050847556
lifecycle-medium-0.20,goose,白鹅,7.0,408,317,14.0,77.0,436.51144560000006,105.51144560000006,37.02785142857154
lifecycle-medium-0.20,goat,山羊,13.0,756,587,26.0,143.0,808.8300315529414,195.83003155294136,36.944078009049875
lifecycle-medium-0.20,cow,奶牛,18.0,1224,954,36.0,234.0,1309.5343368000003,319.53433680000035,36.55313538461548
lifecycle-medium-0.20,cat,橘猫,20.0,1350,1050,40.0,260.0,1444.3393420588238,354.33934205882383,36.284362330316846
lifecycle-medium-0.20,pig,小猪,27.0,2088,1629,54.0,405.0,2233.9115157176475,550.9115157176475,36.02753474509814
lifecycle-medium-0.20,parrot,鹦鹉,18.0,1392,1086,36.0,270.0,1489.274343811765,367.274343811765,36.02753474509814
lifecycle-medium-0.20,turtle,小乌龟,27.0,2088,1629,54.0,405.0,2233.9115157176475,550.9115157176475,36.02753474509814
lifecycle-medium-0.20,horse,小马,36.0,3144,2460,72.0,612.0,3363.705845505883,831.7058455058832,35.89964795847761
lifecycle-medium-0.20,frog,青蛙,26.0,2280,1786,52.0,442.0,2439.3286665882356,601.3286665882356,36.04720963534745
lifecycle-medium-0.20,peacock,孔雀,36.0,3520,2764,72.0,684.0,3765.9810992941184,929.9810992941184,35.96214901960794
lifecycle-medium-0.20,fox,小狐狸,35.0,3408,2673,70.0,665.0,3646.1544279529417,903.1544279529417,35.81269593277321
lifecycle-medium-0.20,alpaca,羊驼,52.0,5568,4372,104.0,1092.0,5957.09737524706,1481.09737524706,35.631627769877284
lifecycle-medium-0.20,hedgehog,刺猬,35.0,3768,2963,70.0,735.0,4031.311585835295,998.3115858352949,35.824705555822426
lifecycle-medium-0.20,deer,梅花鹿,52.0,6084,4784,104.0,1196.0,6509.155968211766,1621.1559682117659,35.548157877237955
lifecycle-medium-0.20,owl,猫头鹰,52.0,6084,4784,104.0,1196.0,6509.155968211766,1621.1559682117659,35.548157877237955
lifecycle-medium-0.20,penguin,企鹅,72.0,9152,7208,144.0,1800.0,9791.550858164708,2439.550858164708,35.53060323137265
lifecycle-medium-0.20,snake,小蛇,56.0,7128,5616,112.0,1400.0,7626.11172607059,1898.1117260705896,35.579409005042116
lifecycle-medium-0.20,buffalo,水牛,80.0,10968,8648,160.0,2160.0,11734.454743482354,2926.4547434823544,35.48401590196088
lifecycle-medium-0.20,moose,驼鹿,80.0,10962,8642,160.0,2160.0,11728.03545751765,2926.03545751765,35.46460451470598
lifecycle-medium-0.20,zebra,斑马,84.0,12360,9756,168.0,2436.0,13223.72908729412,3299.7290872941194,35.45685908432348
lifecycle-medium-0.20,bear,小熊,108.0,15888,12540,216.0,3132.0,16998.269234541178,4242.269234541178,35.449209276538305
lifecycle-medium-0.20,monkey,猴子,68.0,10680,8436,136.0,2108.0,11426.329017176473,2854.329017176473,35.40460233284975
lifecycle-medium-0.20,gorilla,大猩猩,84.0,13200,10428,168.0,2604.0,14122.429122352944,3526.4291223529435,35.42354540525898
lifecycle-medium-0.20,giraffe,长颈鹿,108.0,18048,14268,216.0,3564.0,19309.212181835297,4825.212181835297,35.38754718954258
lifecycle-medium-0.20,rhino,犀牛,156.0,26064,20604,312.0,5148.0,27885.37823068236,6969.37823068236,35.38030751131232
lifecycle-medium-0.20,hippo,河马,108.0,19136,15140,216.0,3780.0,20473.2427034353,5117.242703435299,35.3767910961719
lifecycle-medium-0.20,crocodile,鳄鱼,156.0,27624,21852,312.0,5460.0,29554.392581505886,7390.3925815058865,35.35517548545582
lifecycle-medium-0.20,lion,狮子,168.0,31416,24864,336.0,6216.0,33611.381311200006,8411.381311200006,35.31823216216226
lifecycle-medium-0.20,elephant,大象,216.0,42560,33704,432.0,8424.0,45534.13510964707,11398.135109647068,35.305497502932894
lifecycle-medium-0.20,panda,大熊猫,120.0,23648,18728,240.0,4680.0,25300.54574889412,6332.545748894121,35.31080660030176
lifecycle-medium-0.20,sloth,树懒,216.0,46880,37160,432.0,9288.0,50156.02100423531,12564.021004235306,35.27154397324831
lifecycle-medium-0.30,chicken,小鸡,0.5833333333333334,18,13,1.1666666666666667,3.833333333333333,19.860880261764702,5.694213595098035,48.54470248081834
lifecycle-medium-0.30,rabbit,垂耳兔,1.1666666666666667,48,37,2.3333333333333335,8.666666666666666,52.96234736470588,13.629014031372543,57.2578542081447
lifecycle-medium-0.30,dog,小狗,3.1666666666666665,120,91,6.333333333333333,22.666666666666668,132.4058684117647,35.07253507843135,54.73177240484419
lifecycle-medium-0.30,duck,小鸭,3.5,180,141,7.0,32.0,198.60880261764703,50.60880261764703,58.15250818014695
lifecycle-medium-0.30,sheep,绵羊,6.5,306,234,13.0,59.0,337.6349644499999,90.63496444999993,53.618583813559226
lifecycle-medium-0.30,goose,白鹅,7.0,408,317,14.0,77.0,450.1799525999999,119.17995259999992,54.77915922077913
lifecycle-medium-0.30,goat,山羊,13.0,756,587,26.0,143.0,834.1569709941175,221.1569709941175,54.65522447141085
lifecycle-medium-0.30,cow,奶牛,18.0,1224,954,36.0,234.0,1350.5398577999997,360.5398577999997,54.07686230769221
lifecycle-medium-0.30,cat,橘猫,20.0,1350,1050,40.0,260.0,1489.5660196323527,399.56601963235266,53.679238320135646
lifecycle-medium-0.30,pig,小猪,27.0,2088,1629,54.0,405.0,2303.8621103647056,620.8621103647056,53.29928650980382
lifecycle-medium-0.30,parrot,鹦鹉,18.0,1392,1086,36.0,270.0,1535.9080735764703,413.9080735764703,53.299286509803835
lifecycle-medium-0.30,turtle,小乌龟,27.0,2088,1629,54.0,405.0,2303.8621103647056,620.8621103647056,53.29928650980382
lifecycle-medium-0.30,horse,小马,36.0,3144,2460,72.0,612.0,3469.033752388235,937.0337523882349,53.11009025951549
lifecycle-medium-0.30,frog,青蛙,26.0,2280,1786,52.0,442.0,2515.711499823529,677.7114998235288,53.328393625232806
lifecycle-medium-0.30,peacock,孔雀,36.0,3520,2764,72.0,684.0,3883.905473411764,1047.905473411764,53.20255459236317
lifecycle-medium-0.30,fox,小狐狸,35.0,3408,2673,70.0,665.0,3760.326662894117,1017.3266628941169,52.98145306678451
lifecycle-medium-0.30,alpaca,羊驼,52.0,5568,4372,104.0,1092.0,6143.632294305881,1667.6322943058813,52.71358006464115
lifecycle-medium-0.30,hedgehog,刺猬,35.0,3768,2963,70.0,735.0,4157.544268129411,1124.5442681294107,52.999220153661376
lifecycle-medium-0.30,deer,梅花鹿,52.0,6084,4784,104.0,1196.0,6712.977528476469,1824.9775284764692,52.590094354219865
lifecycle-medium-0.30,owl,猫头鹰,52.0,6084,4784,104.0,1196.0,6712.977528476469,1824.9775284764692,52.590094354219865
lifecycle-medium-0.30,penguin,企鹅,72.0,9152,7208,144.0,1800.0,10098.154230870587,2746.1542308705866,52.56412393725481
lifecycle-medium-0.30,snake,小蛇,56.0,7128,5616,112.0,1400.0,7864.908583658822,2136.908583658822,52.63632740420159
lifecycle-medium-0.30,buffalo,水牛,80.0,10968,8648,160.0,2160.0,12101.896372835292,3293.896372835292,52.49520244607834
lifecycle-medium-0.30,moose,驼鹿,80.0,10962,8642,160.0,2160.0,12095.276079414703,3293.2760794147034,52.46648515808814
lifecycle-medium-0.30,zebra,斑马,84.0,12360,9756,168.0,2436.0,13637.804446411763,3713.804446411763,52.45502653578663
lifecycle-medium-0.30,bear,小熊,108.0,15888,12540,216.0,3132.0,17530.536977717646,4774.536977717646,52.443709377957994
lifecycle-medium-0.30,monkey,猴子,68.0,10680,8436,136.0,2108.0,11784.122288647057,3212.122288647057,52.37771767775412
lifecycle-medium-0.30,gorilla,大猩猩,84.0,13200,10428,168.0,2604.0,14564.645525294116,3968.645525294116,52.40574213879091
lifecycle-medium-0.30,giraffe,长颈鹿,108.0,18048,14268,216.0,3564.0,19913.84260912941,5429.8426091294095,52.35248622697555
lifecycle-medium-0.30,rhino,犀牛,156.0,26064,20604,312.0,5148.0,28758.55461903529,7842.554619035291,52.341775816536305
lifecycle-medium-0.30,hippo,河马,108.0,19136,15140,216.0,3780.0,21114.322482729407,5758.322482729407,52.336573617180115
lifecycle-medium-0.30,crocodile,鳄鱼,156.0,27624,21852,312.0,5460.0,30479.83090838823,8315.83090838823,52.304595391725826
lifecycle-medium-0.30,lion,狮子,168.0,31416,24864,336.0,6216.0,34663.856350199996,9463.856350199996,52.2499412837837
lifecycle-medium-0.30,elephant,大象,216.0,42560,33704,432.0,8424.0,46959.94799670587,12823.947996705872,52.2311015753309
lifecycle-medium-0.30,panda,大熊猫,120.0,23648,18728,240.0,4680.0,26092.78313501176,7124.783135011759,52.23895587631967
lifecycle-medium-0.30,sloth,树懒,216.0,46880,37160,432.0,9288.0,51726.5592595294,14134.5592595294,52.180870580635265
lifecycle-long-0.10,chicken,小鸡,0.5833333333333334,18,13,1.1666666666666667,3.833333333333333,18.70791342352941,4.5412467568627415,18.467306700767203
lifecycle-long-0.10,rabbit,垂耳兔,1.1666666666666667,48,37,2.3333333333333335,8.666666666666666,49.88776912941176,10.554435796078424,21.781951493212595
lifecycle-long-0.10,dog,小狗,3.1666666666666665,120,91,6.333333333333333,22.666666666666668,124.7194228235294,27.386089490196067,20.820983044982626
lifecycle-long-0.10,duck,小鸭,3.5,180,141,7.0,32.0,187.0791342352941,39.079134235294106,22.12229448529404
lifecycle-long-0.10,sheep,绵羊,6.5,306,234,13.0,59.0,318.03452819999995,71.03452819999995,20.39750542372874
lifecycle-long-0.10,goose,白鹅,7.0,408,317,14.0,77.0,424.0460375999999,93.04603759999992,20.8390098701298
lifecycle-long-0.10,goat,山羊,13.0,756,587,26.0,143.0,785.7323637882351,172.73236378823515,20.791862788975656
lifecycle-long-0.10,cow,奶牛,18.0,1224,954,36.0,234.0,1272.1381127999998,282.1381127999998,20.571843076923006
lifecycle-long-0.10,cat,橘猫,20.0,1350,1050,40.0,260.0,1403.0935067647058,313.0935067647058,20.420579524886808
lifecycle-long-0.10,pig,小猪,27.0,2088,1629,54.0,405.0,2170.1179571294115,487.1179571294115,20.27603879738555
lifecycle-long-0.10,parrot,鹦鹉,18.0,1392,1086,36.0,270.0,1446.745304752941,324.7453047529409,20.27603879738555
lifecycle-long-0.10,turtle,小乌龟,27.0,2088,1629,54.0,405.0,2170.1179571294115,487.1179571294115,20.27603879738555
lifecycle-long-0.10,horse,小马,36.0,3144,2460,72.0,612.0,3267.64887797647,735.64887797647,20.204065028834993
lifecycle-long-0.10,frog,青蛙,26.0,2280,1786,52.0,442.0,2369.6690336470583,531.6690336470583,20.287111684854867
lifecycle-long-0.10,peacock,孔雀,36.0,3520,2764,72.0,684.0,3658.436402823529,822.4364028235291,20.2392401788785
lifecycle-long-0.10,fox,小狐狸,35.0,3408,2673,70.0,665.0,3542.0316081882347,799.0316081882347,20.15512905086238
lifecycle-long-0.10,alpaca,羊驼,52.0,5568,4372,104.0,1092.0,5786.981219011764,1310.9812190117636,20.05322518422747
lifecycle-long-0.10,hedgehog,刺猬,35.0,3768,2963,70.0,735.0,3916.189876658823,883.1898766588229,20.161887980792244
lifecycle-long-0.10,deer,梅花鹿,52.0,6084,4784,104.0,1196.0,6323.27473715294,1435.2747371529404,20.006248925831134
lifecycle-long-0.10,owl,猫头鹰,52.0,6084,4784,104.0,1196.0,6323.27473715294,1435.2747371529404,20.006248925831134
lifecycle-long-0.10,penguin,企鹅,72.0,9152,7208,144.0,1800.0,9511.934647341175,2159.934647341175,19.99636929673196
lifecycle-long-0.10,snake,小蛇,56.0,7128,5616,112.0,1400.0,7408.333715717646,1680.3337157176456,20.02383683697472
lifecycle-long-0.10,buffalo,水牛,80.0,10968,8648,160.0,2160.0,11399.355246070587,2591.355246070587,19.970150281045683
lifecycle-long-0.10,moose,驼鹿,80.0,10962,8642,160.0,2160.0,11393.11927492941,2591.1192749294096,19.959225691176403
lifecycle-long-0.10,zebra,斑马,84.0,12360,9756,168.0,2436.0,12846.100550823528,2922.1005508235285,19.954866618371415
lifecycle-long-0.10,bear,小熊,108.0,15888,12540,216.0,3132.0,16512.851581835293,3756.8515818352935,19.950561361280077
lifecycle-long-0.10,monkey,猴子,68.0,10680,8436,136.0,2108.0,11100.028631294117,2528.028631294117,19.925456892510258
lifecycle-long-0.10,gorilla,大猩猩,84.0,13200,10428,168.0,2604.0,13719.136510588234,3123.136510588234,19.936117918134926
lifecycle-long-0.10,giraffe,长颈鹿,108.0,18048,14268,216.0,3564.0,18757.801192658822,4273.801192658822,19.915858379877132
lifecycle-long-0.10,rhino,犀牛,156.0,26064,20604,312.0,5148.0,27089.058637270584,6173.058637270584,19.911783940765048
lifecycle-long-0.10,hippo,河马,108.0,19136,15140,216.0,3780.0,19888.59062625882,4532.590626258821,19.909804927482035
lifecycle-long-0.10,crocodile,鳄鱼,156.0,27624,21852,312.0,5460.0,28710.411133976468,6546.411133976468,19.897639816418806
lifecycle-long-0.10,lion,狮子,168.0,31416,24864,336.0,6216.0,32651.544895199997,7451.544895199997,19.876848378378313
lifecycle-long-0.10,elephant,大象,216.0,42560,33704,432.0,8424.0,44233.82196141176,10097.821961411762,19.869681403273493
lifecycle-long-0.10,panda,大熊猫,120.0,23648,18728,240.0,4680.0,24578.040924423527,5610.040924423527,19.87266932528902
lifecycle-long-0.10,sloth,树懒,216.0,46880,37160,432.0,9288.0,48723.72118305882,11131.72118305882,19.8505725996858
lifecycle-long-0.20,chicken,小鸡,0.5833333333333334,18,13,1.1666666666666667,3.833333333333333,19.39525369411765,5.228587027450982,36.397922455242984
lifecycle-long-0.20,rabbit,垂耳兔,1.1666666666666667,48,37,2.3333333333333335,8.666666666666666,51.720676517647064,12.38734318431373,42.930882895927624
lifecycle-long-0.20,dog,小狗,3.1666666666666665,120,91,6.333333333333333,22.666666666666668,129.30169129411766,31.968357960784328,41.0368733564014
lifecycle-long-0.20,duck,小鸭,3.5,180,141,7.0,32.0,193.95253694117648,45.952536941176476,43.60167794117649
lifecycle-long-0.20,sheep,绵羊,6.5,306,234,13.0,59.0,329.7193128,82.71931280000001,40.20222508474578
lifecycle-long-0.20,goose,白鹅,7.0,408,317,14.0,77.0,439.6257504,108.62575040000002,41.07240311688314
lifecycle-long-0.20,goat,山羊,13.0,756,587,26.0,143.0,814.6006551529412,201.60065515294116,40.979479127930915
lifecycle-long-0.20,cow,奶牛,18.0,1224,954,36.0,234.0,1318.8772512,328.87725120000005,40.54583384615387
lifecycle-long-0.20,cat,橘猫,20.0,1350,1050,40.0,260.0,1454.6440270588237,364.64402705882367,40.247702714932146
lifecycle-long-0.20,pig,小猪,27.0,2088,1629,54.0,405.0,2249.849428517647,566.8494285176471,39.96282185620917
lifecycle-long-0.20,parrot,鹦鹉,18.0,1392,1086,36.0,270.0,1499.8996190117648,377.8996190117648,39.96282185620917
lifecycle-long-0.20,turtle,小乌龟,27.0,2088,1629,54.0,405.0,2249.849428517647,566.8494285176471,39.96282185620917
lifecycle-long-0.20,horse,小马,36.0,3144,2460,72.0,612.0,3387.7043119058826,855.7043119058826,39.820965997693214
lifecycle-long-0.20,frog,青蛙,26.0,2280,1786,52.0,442.0,2456.7321345882356,618.7321345882356,39.98464583444239
lifecycle-long-0.20,peacock,孔雀,36.0,3520,2764,72.0,684.0,3792.849611294118,956.849611294118,39.89029404884763
lifecycle-long-0.20,fox,小狐狸,35.0,3408,2673,70.0,665.0,3672.168032752941,929.1680327529411,39.724516203449824
lifecycle-long-0.20,alpaca,羊驼,52.0,5568,4372,104.0,1092.0,5999.598476047059,1523.5984760470592,39.523669967679396
lifecycle-long-0.20,hedgehog,刺猬,35.0,3768,2963,70.0,735.0,4060.073106635294,1027.0731066352942,39.737837637455
lifecycle-long-0.20,deer,梅花鹿,52.0,6084,4784,104.0,1196.0,6555.595748611765,1667.595748611765,39.43108265984657
lifecycle-long-0.20,owl,猫头鹰,52.0,6084,4784,104.0,1196.0,6555.595748611765,1667.595748611765,39.43108265984657
lifecycle-long-0.20,penguin,企鹅,72.0,9152,7208,144.0,1800.0,9861.408989364707,2509.408989364707,39.411610520261455
lifecycle-long-0.20,snake,小蛇,56.0,7128,5616,112.0,1400.0,7680.520462870589,1952.5204628705887,39.465747347899175
lifecycle-long-0.20,buffalo,水牛,80.0,10968,8648,160.0,2160.0,11818.174584282353,3010.174584282353,39.35993445751635
lifecycle-long-0.20,moose,驼鹿,80.0,10962,8642,160.0,2160.0,11811.709499717648,3009.709499717648,39.3384027647059
lifecycle-long-0.20,zebra,斑马,84.0,12360,9756,168.0,2436.0,13318.074203294118,3394.074203294118,39.32981130107217
lifecycle-long-0.20,bear,小熊,108.0,15888,12540,216.0,3132.0,17119.543927341176,4363.543927341176,39.32132590489071
lifecycle-long-0.20,monkey,猴子,68.0,10680,8436,136.0,2108.0,11507.850525176471,2935.850525176471,39.271846545373386
lifecycle-long-0.20,gorilla,大猩猩,84.0,13200,10428,168.0,2604.0,14223.186042352942,3627.1860423529415,39.29285876931419
lifecycle-long-0.20,giraffe,长颈鹿,108.0,18048,14268,216.0,3564.0,19446.974370635297,4962.9743706352965,39.25292846900378
lifecycle-long-0.20,rhino,犀牛,156.0,26064,20604,312.0,5148.0,28084.327349082352,7168.327349082352,39.24489800082272
lifecycle-long-0.20,hippo,河马,108.0,19136,15140,216.0,3780.0,20619.309705035295,5263.309705035295,39.24099748770621
lifecycle-long-0.20,crocodile,鳄鱼,156.0,27624,21852,312.0,5460.0,29765.249335905883,7601.249335905883,39.21702080413706
lifecycle-long-0.20,lion,狮子,168.0,31416,24864,336.0,6216.0,33851.1827808,8651.182780800002,39.17604216216218
lifecycle-long-0.20,elephant,大象,216.0,42560,33704,432.0,8424.0,45858.99984564706,11722.999845647057,39.161916496285144
lifecycle-long-0.20,panda,大熊猫,120.0,23648,18728,240.0,4680.0,25481.053297694118,6513.053297694118,39.16780550628458
lifecycle-long-0.20,sloth,树懒,216.0,46880,37160,432.0,9288.0,50513.8607322353,12921.860732235298,39.12425422303289
lifecycle-long-0.30,chicken,小鸡,0.5833333333333334,18,13,1.1666666666666667,3.833333333333333,20.0620208117647,5.895354145098033,53.79184726342694
lifecycle-long-0.30,rabbit,垂耳兔,1.1666666666666667,48,37,2.3333333333333335,8.666666666666666,53.49872216470587,14.165388831372534,63.44679420814459
lifecycle-long-0.30,dog,小狗,3.1666666666666665,120,91,6.333333333333333,22.666666666666668,133.74680541176465,36.41347207843132,60.64767093425585
lifecycle-long-0.30,duck,小鸭,3.5,180,141,7.0,32.0,200.620208117647,52.620208117646996,64.43815036764684
lifecycle-long-0.30,sheep,绵羊,6.5,306,234,13.0,59.0,341.0543537999999,94.05435379999989,59.41415898305065
lifecycle-long-0.30,goose,白鹅,7.0,408,317,14.0,77.0,454.73913839999983,123.73913839999983,60.70017974025954
lifecycle-long-0.30,goat,山羊,13.0,756,587,26.0,143.0,842.6048740941173,229.60487409411735,60.56284901686529
lifecycle-long-0.30,cow,奶牛,18.0,1224,954,36.0,234.0,1364.2174151999996,374.21741519999955,59.92197230769211
lifecycle-long-0.30,cat,橘猫,20.0,1350,1050,40.0,260.0,1504.6515608823524,414.65156088235244,59.48136957013554
lifecycle-long-0.30,pig,小猪,27.0,2088,1629,54.0,405.0,2327.194414164705,644.194414164705,59.060349176470396
lifecycle-long-0.30,parrot,鹦鹉,18.0,1392,1086,36.0,270.0,1551.46294277647,429.4629427764701,59.06034917647038
lifecycle-long-0.30,turtle,小乌龟,27.0,2088,1629,54.0,405.0,2327.194414164705,644.194414164705,59.060349176470396
lifecycle-long-0.30,horse,小马,36.0,3144,2460,72.0,612.0,3504.1663017882343,972.1663017882343,58.85070290657419
lifecycle-long-0.30,frog,青蛙,26.0,2280,1786,52.0,442.0,2541.1893028235286,703.1893028235286,59.09260244876211
lifecycle-long-0.30,peacock,孔雀,36.0,3520,2764,72.0,684.0,3923.2396254117634,1087.2396254117634,58.95316160990692
lifecycle-long-0.30,fox,小狐狸,35.0,3408,2673,70.0,665.0,3798.4092736941166,1055.4092736941166,58.708161457761854
lifecycle-long-0.30,alpaca,羊驼,52.0,5568,4372,104.0,1092.0,6205.85177110588,1729.8517711058803,58.411334350355325
lifecycle-long-0.30,hedgehog,刺猬,35.0,3768,2963,70.0,735.0,4199.649689929411,1166.6496899294107,58.7278489699878
lifecycle-long-0.30,deer,梅花鹿,52.0,6084,4784,104.0,1196.0,6780.963034376468,1892.9630343764684,58.27450120204585
lifecycle-long-0.30,owl,猫头鹰,52.0,6084,4784,104.0,1196.0,6780.963034376468,1892.9630343764684,58.27450120204585
lifecycle-long-0.30,penguin,企鹅,72.0,9152,7208,144.0,1800.0,10200.423026070584,2848.4230260705845,58.245723670588035
lifecycle-long-0.30,snake,小蛇,56.0,7128,5616,112.0,1400.0,7944.560241458821,2216.560241458821,58.32573153277292
lifecycle-long-0.30,buffalo,水牛,80.0,10968,8648,160.0,2160.0,12224.45801463529,3416.458014635289,58.16935252941157
lifecycle-long-0.30,moose,驼鹿,80.0,10962,8642,160.0,2160.0,12217.770674364701,3415.7706743647013,58.137531220588045
lifecycle-long-0.30,zebra,斑马,84.0,12360,9756,168.0,2436.0,13775.92095741176,3851.9209574117594,58.1248340481018
lifecycle-long-0.30,bear,小熊,108.0,15888,12540,216.0,3132.0,17708.07703651764,4952.0770365176395,58.112293630831445
lifecycle-long-0.30,monkey,猴子,68.0,10680,8436,136.0,2108.0,11903.465681647054,3331.465681647054,58.039168958588924
lifecycle-long-0.30,gorilla,大猩猩,84.0,13200,10428,168.0,2604.0,14712.148595294113,4116.148595294113,58.07022255353734
lifecycle-long-0.30,giraffe,长颈鹿,108.0,18048,14268,216.0,3564.0,20115.519533929404,5631.519533929404,58.01121026737949
lifecycle-long-0.30,rhino,犀牛,156.0,26064,20604,312.0,5148.0,29049.806135435283,8133.806135435283,57.999342180172576
lifecycle-long-0.30,hippo,河马,108.0,19136,15140,216.0,3780.0,21328.157236329404,5972.1572363294035,57.99357768067207
lifecycle-long-0.30,crocodile,鳄鱼,156.0,27624,21852,312.0,5460.0,30788.514605788223,8624.514605788223,57.9581429631543
lifecycle-long-0.30,lion,狮子,168.0,31416,24864,336.0,6216.0,35014.91365679999,9814.913656799989,57.89758135135116
lifecycle-long-0.30,elephant,大象,216.0,42560,33704,432.0,8424.0,47435.53365270587,13299.533652705868,57.8767052790345
lifecycle-long-0.30,panda,大熊猫,120.0,23648,18728,240.0,4680.0,26357.037119811757,7389.037119811757,57.88540854298623
lifecycle-long-0.30,sloth,树懒,216.0,46880,37160,432.0,9288.0,52250.4186475294,14658.418647529397,57.82104487004085
lifecycle-slow-0.10,chicken,小鸡,0.5833333333333334,18,13,1.1666666666666667,3.833333333333333,18.84227082352941,4.675604156862744,21.972282352941157
lifecycle-slow-0.10,rabbit,垂耳兔,1.1666666666666667,48,37,2.3333333333333335,8.666666666666666,50.24605552941176,10.912722196078429,25.916025339366495
lifecycle-slow-0.10,dog,小狗,3.1666666666666665,120,91,6.333333333333333,22.666666666666668,125.6151388235294,28.281805490196074,24.772671280276793
lifecycle-slow-0.10,duck,小鸭,3.5,180,141,7.0,32.0,188.42270823529412,40.422708235294124,26.320963235294094
lifecycle-slow-0.10,sheep,绵羊,6.5,306,234,13.0,59.0,320.318604,73.318604,24.268820338983026
lifecycle-slow-0.10,goose,白鹅,7.0,408,317,14.0,77.0,427.09147199999995,96.09147199999995,24.79411948051946
lifecycle-slow-0.10,goat,山羊,13.0,756,587,26.0,143.0,791.3753745882352,178.37537458823522,24.738024187577103
lifecycle-slow-0.10,cow,奶牛,18.0,1224,954,36.0,234.0,1281.274416,291.274416,24.47624615384613
lifecycle-slow-0.10,cat,橘猫,20.0,1350,1050,40.0,260.0,1413.1703117647057,323.17031176470573,24.296273755656088
lifecycle-slow-0.10,pig,小猪,27.0,2088,1629,54.0,405.0,2185.703415529412,502.7034155294118,24.124300130718932
lifecycle-slow-0.10,parrot,鹦鹉,18.0,1392,1086,36.0,270.0,1457.135610352941,335.13561035294106,24.124300130718932
lifecycle-slow-0.10,turtle,小乌龟,27.0,2088,1629,54.0,405.0,2185.703415529412,502.7034155294118,24.124300130718932
lifecycle-slow-0.10,horse,小马,36.0,3144,2460,72.0,612.0,3291.1166371764702,759.1166371764702,24.038666205305628
lifecycle-slow-0.10,frog,青蛙,26.0,2280,1786,52.0,442.0,2386.6876376470586,548.6876376470586,24.137474580782516
lifecycle-slow-0.10,peacock,孔雀,36.0,3520,2764,72.0,684.0,3684.710738823529,848.710738823529,24.080517371861003
lifecycle-slow-0.10,fox,小狐狸,35.0,3408,2673,70.0,665.0,3567.469942588235,824.469942588235,23.98044249447145
lifecycle-slow-0.10,alpaca,羊驼,52.0,5568,4372,104.0,1092.0,5828.542441411764,1352.5424414117642,23.85919793148026
lifecycle-slow-0.10,hedgehog,刺猬,35.0,3768,2963,70.0,735.0,3944.3153590588236,911.3153590588236,23.988484225690254
lifecycle-slow-0.10,deer,梅花鹿,52.0,6084,4784,104.0,1196.0,6368.6875383529405,1480.6875383529405,23.80330588235292
lifecycle-slow-0.10,owl,猫头鹰,52.0,6084,4784,104.0,1196.0,6368.6875383529405,1480.6875383529405,23.80330588235292
lifecycle-slow-0.10,penguin,企鹅,72.0,9152,7208,144.0,1800.0,9580.247920941176,2228.247920941176,23.79155116339867
lifecycle-slow-0.10,snake,小蛇,56.0,7128,5616,112.0,1400.0,7461.539246117647,1733.539246117647,23.824231865546196
lifecycle-slow-0.10,buffalo,水牛,80.0,10968,8648,160.0,2160.0,11481.223688470587,2673.223688470587,23.760355947712394
lifecycle-slow-0.10,moose,驼鹿,80.0,10962,8642,160.0,2160.0,11474.942931529411,2672.942931529411,23.747357941176446
lifecycle-slow-0.10,zebra,斑马,84.0,12360,9756,168.0,2436.0,12938.359298823529,3014.3592988235287,23.742171544479838
lifecycle-slow-0.10,bear,小熊,108.0,15888,12540,216.0,3132.0,16631.444380235294,3875.4443802352944,23.73704917737208
lifecycle-slow-0.10,monkey,猴子,68.0,10680,8436,136.0,2108.0,11179.747355294117,2607.7473552941174,23.707180042415423
lifecycle-slow-0.10,gorilla,大猩猩,84.0,13200,10428,168.0,2604.0,13817.665270588235,3221.665270588235,23.71986446191378
lifecycle-slow-0.10,giraffe,长颈鹿,108.0,18048,14268,216.0,3564.0,18892.51687905882,4408.516879058821,23.695759794018596
lifecycle-slow-0.10,rhino,犀牛,156.0,26064,20604,312.0,5148.0,27283.608152470588,6367.608152470588,23.690912052653207
lifecycle-slow-0.10,hippo,河马,108.0,19136,15140,216.0,3780.0,20031.42747105882,4675.4274710588215,23.688557435418588
lifecycle-slow-0.10,crocodile,鳄鱼,156.0,27624,21852,312.0,5460.0,28916.60495717647,6752.604957176471,23.674083464770497
lifecycle-slow-0.10,lion,狮子,168.0,31416,24864,336.0,6216.0,32886.043344,7686.043343999998,23.649345945945925
lifecycle-slow-0.10,elephant,大象,216.0,42560,33704,432.0,8424.0,44551.502569411765,10415.502569411765,23.64081872521086
lifecycle-slow-0.10,panda,大熊猫,120.0,23648,18728,240.0,4680.0,24754.556690823527,5786.556690823527,23.644373735545475
lifecycle-slow-0.10,sloth,树懒,216.0,46880,37160,432.0,9288.0,49073.64756705882,11481.647567058819,23.618083194001095
lifecycle-slow-0.20,chicken,小鸡,0.5833333333333334,18,13,1.1666666666666667,3.833333333333333,19.659083294117654,5.492416627450987,43.280433759590935
lifecycle-slow-0.20,rabbit,垂耳兔,1.1666666666666667,48,37,2.3333333333333335,8.666666666666666,52.424222117647076,13.090888784313742,51.04871674208161
lifecycle-slow-0.20,dog,小狗,3.1666666666666665,120,91,6.333333333333333,22.666666666666668,131.06055529411768,33.72722196078434,48.796567474048594
lifecycle-slow-0.20,duck,小鸭,3.5,180,141,7.0,32.0,196.59083294117653,48.59083294117653,51.84635294117663
lifecycle-slow-0.20,sheep,绵羊,6.5,306,234,13.0,59.0,334.2044160000001,87.2044160000001,47.80409491525439
lifecycle-slow-0.20,goose,白鹅,7.0,408,317,14.0,77.0,445.6058880000001,114.6058880000001,48.83881558441574
lifecycle-slow-0.20,goat,山羊,13.0,756,587,26.0,143.0,825.6814983529414,212.6814983529414,48.72832052653245
lifecycle-slow-0.20,cow,奶牛,18.0,1224,954,36.0,234.0,1336.8176640000004,346.8176640000004,48.21267692307708
lifecycle-slow-0.20,cat,橘猫,20.0,1350,1050,40.0,260.0,1474.4312470588238,384.4312470588238,47.858171945701514
lifecycle-slow-0.20,pig,小猪,27.0,2088,1629,54.0,405.0,2280.4536621176476,597.4536621176476,47.51942274509819
lifecycle-slow-0.20,parrot,鹦鹉,18.0,1392,1086,36.0,270.0,1520.3024414117651,398.30244141176513,47.51942274509818
lifecycle-slow-0.20,turtle,小乌龟,27.0,2088,1629,54.0,405.0,2280.4536621176476,597.4536621176476,47.51942274509819
lifecycle-slow-0.20,horse,小马,36.0,3144,2460,72.0,612.0,3433.7865487058834,901.7865487058834,47.35074325259531
lifecycle-slow-0.20,frog,青蛙,26.0,2280,1786,52.0,442.0,2490.150550588236,652.150550588236,47.54537343625248
lifecycle-slow-0.20,peacock,孔雀,36.0,3520,2764,72.0,684.0,3844.4429552941187,1008.4429552941187,47.43318059855536
lifecycle-slow-0.20,fox,小狐狸,35.0,3408,2673,70.0,665.0,3722.1197703529424,979.1197703529424,47.23605569217175
lifecycle-slow-0.20,alpaca,羊驼,52.0,5568,4372,104.0,1092.0,6081.2097656470605,1605.2097656470605,46.997231286360844
lifecycle-slow-0.20,hedgehog,刺猬,35.0,3768,2963,70.0,735.0,4115.301436235295,1082.3014362352951,47.251896086434726
lifecycle-slow-0.20,deer,梅花鹿,52.0,6084,4784,104.0,1196.0,6644.770153411767,1756.7701534117668,46.88713657289018
lifecycle-slow-0.20,owl,猫头鹰,52.0,6084,4784,104.0,1196.0,6644.770153411767,1756.7701534117668,46.88713657289018
lifecycle-slow-0.20,penguin,企鹅,72.0,9152,7208,144.0,1800.0,9995.551683764708,2643.5516837647083,46.8639824313727
lifecycle-slow-0.20,snake,小蛇,56.0,7128,5616,112.0,1400.0,7784.99698447059,2056.99698447059,46.928356033613596
lifecycle-slow-0.20,buffalo,水牛,80.0,10968,8648,160.0,2160.0,11978.934753882357,3170.9347538823567,46.80253490196093
lifecycle-slow-0.20,moose,驼鹿,80.0,10962,8642,160.0,2160.0,11972.38172611765,3170.38172611765,46.776931764706035
lifecycle-slow-0.20,zebra,斑马,84.0,12360,9756,168.0,2436.0,13499.237195294121,3575.237195294121,46.766715734569836
lifecycle-slow-0.20,bear,小熊,108.0,15888,12540,216.0,3132.0,17352.41752094118,4596.417520941181,46.756625828262486
lifecycle-slow-0.20,monkey,猴子,68.0,10680,8436,136.0,2108.0,11664.389421176475,3092.3894211764746,46.69779037839059
lifecycle-slow-0.20,gorilla,大猩猩,84.0,13200,10428,168.0,2604.0,14416.661082352945,3820.6610823529445,46.722775820005566
lifecycle-slow-0.20,giraffe,长颈鹿,108.0,18048,14268,216.0,3564.0,19711.5075162353,5227.507516235299,46.675295068330506
lifecycle-slow-0.20,rhino,犀牛,156.0,26064,20604,312.0,5148.0,28466.35260988236,7550.35260988236,46.66574611271096
lifecycle-slow-0.20,hippo,河马,108.0,19136,15140,216.0,3780.0,20899.7898842353,5543.789884235299,46.661108048552904
lifecycle-slow-0.20,crocodile,鳄鱼,156.0,27624,21852,312.0,5460.0,30170.13982870589,8006.139828705891,46.632597595345985
lifecycle-slow-0.20,lion,狮子,168.0,31416,24864,336.0,6216.0,34311.65337600001,9111.65337600001,46.583870270270424
lifecycle-slow-0.20,elephant,大象,216.0,42560,33704,432.0,8424.0,46482.81027764707,12346.81027764707,46.56707357130902
lifecycle-slow-0.20,panda,大熊猫,120.0,23648,18728,240.0,4680.0,25827.666763294124,6859.666763294124,46.574076138763346
lifecycle-slow-0.20,sloth,树懒,216.0,46880,37160,432.0,9288.0,51200.990268235306,13608.990268235306,46.52228970968247
lifecycle-slow-0.30,chicken,小鸡,0.5833333333333334,18,13,1.1666666666666667,3.833333333333333,20.450437411764707,6.28377074509804,63.92445421994891
lifecycle-slow-0.30,rabbit,垂耳兔,1.1666666666666667,48,37,2.3333333333333335,8.666666666666666,54.534499764705885,15.20116643137255,75.39807420814488
lifecycle-slow-0.30,dog,小狗,3.1666666666666665,120,91,6.333333333333333,22.666666666666668,136.33624941176473,39.00291607843139,72.07168858131493
lifecycle-slow-0.30,duck,小鸭,3.5,180,141,7.0,32.0,204.50437411764707,56.504374117647075,76.57616911764713
lifecycle-slow-0.30,sheep,绵羊,6.5,306,234,13.0,59.0,347.657436,100.65743600000002,70.60582372881362
lifecycle-slow-0.30,goose,白鹅,7.0,408,317,14.0,77.0,463.54324800000006,132.54324800000006,72.13408831168837
lifecycle-slow-0.30,goat,山羊,13.0,756,587,26.0,143.0,858.9183712941177,245.91837129411772,71.97088901686554
lifecycle-slow-0.30,cow,奶牛,18.0,1224,954,36.0,234.0,1390.629744,400.6297440000001,71.20929230769238
lifecycle-slow-0.30,cat,橘猫,20.0,1350,1050,40.0,260.0,1533.7828058823532,443.78280588235316,70.68569457013581
lifecycle-slow-0.30,pig,小猪,27.0,2088,1629,54.0,405.0,2372.250739764706,689.2507397647059,70.18536784313731
lifecycle-slow-0.30,parrot,鹦鹉,18.0,1392,1086,36.0,270.0,1581.5004931764709,459.50049317647085,70.18536784313733
lifecycle-slow-0.30,turtle,小乌龟,27.0,2088,1629,54.0,405.0,2372.250739764706,689.2507397647059,70.18536784313731
lifecycle-slow-0.30,horse,小马,36.0,3144,2460,72.0,612.0,3572.0097345882355,1040.0097345882355,69.93623114186857
lifecycle-slow-0.30,frog,青蛙,26.0,2280,1786,52.0,442.0,2590.38873882353,752.3887388235298,70.22369656640943
lifecycle-slow-0.30,peacock,孔雀,36.0,3520,2764,72.0,684.0,3999.196649411765,1163.196649411765,70.05798968008263
lifecycle-slow-0.30,fox,小狐狸,35.0,3408,2673,70.0,665.0,3871.949483294118,1128.9494832941182,69.76683959310046
lifecycle-slow-0.30,alpaca,羊驼,52.0,5568,4372,104.0,1092.0,6326.001972705883,1850.0019727058834,69.4141000646413
lifecycle-slow-0.30,hedgehog,刺猬,35.0,3768,2963,70.0,735.0,4280.958231529412,1247.958231529412,69.79023558223297
lifecycle-slow-0.30,deer,梅花鹿,52.0,6084,4784,104.0,1196.0,6912.247845176471,2024.247845176471,69.25149207161131
lifecycle-slow-0.30,owl,猫头鹰,52.0,6084,4784,104.0,1196.0,6912.247845176471,2024.247845176471,69.25149207161131
lifecycle-slow-0.30,penguin,企鹅,72.0,9152,7208,144.0,1800.0,10397.91128847059,3045.91128847059,69.21729380392163
lifecycle-slow-0.30,snake,小蛇,56.0,7128,5616,112.0,1400.0,8098.373215058825,2370.373215058825,69.31237250420173
lifecycle-slow-0.30,buffalo,水牛,80.0,10968,8648,160.0,2160.0,12461.133196235296,3653.133196235296,69.12653686274516
lifecycle-slow-0.30,moose,驼鹿,80.0,10962,8642,160.0,2160.0,12454.316383764708,3652.316383764708,69.0887214705883
lifecycle-slow-0.30,zebra,斑马,84.0,12360,9756,168.0,2436.0,14042.633689411767,4118.633689411767,69.07363257026955
lifecycle-slow-0.30,bear,小熊,108.0,15888,12540,216.0,3132.0,18050.919422117648,5294.919422117648,69.05872995267079
lifecycle-slow-0.30,monkey,猴子,68.0,10680,8436,136.0,2108.0,12133.92619764706,3561.9261976470607,68.97183100792506
lifecycle-slow-0.30,gorilla,大猩猩,84.0,13200,10428,168.0,2604.0,14996.987435294119,4400.987435294119,69.00873407427494
lifecycle-slow-0.30,giraffe,长颈鹿,108.0,18048,14268,216.0,3564.0,20504.971911529414,6020.971911529414,68.9386058229353
lifecycle-slow-0.30,rhino,犀牛,156.0,26064,20604,312.0,5148.0,29612.233372235296,8696.233372235296,68.92450218017284
lifecycle-slow-0.30,hippo,河马,108.0,19136,15140,216.0,3780.0,21741.087239529414,6385.087239529414,68.9176518394025
lifecycle-slow-0.30,crocodile,鳄鱼,156.0,27624,21852,312.0,5460.0,31384.60461458824,9220.60461458824,68.87554239172599
lifecycle-slow-0.30,lion,狮子,168.0,31416,24864,336.0,6216.0,35692.830096000005,10492.830096000005,68.80357297297304
lifecycle-slow-0.30,elephant,大象,216.0,42560,33704,432.0,8424.0,48353.923124705885,14217.923124705885,68.77876453829401
lifecycle-slow-0.30,panda,大熊猫,120.0,23648,18728,240.0,4680.0,26867.330217411767,7899.330217411767,68.78910720965315
lifecycle-slow-0.30,sloth,树懒,216.0,46880,37160,432.0,9288.0,53262.02810352942,15670.028103529417,68.71261954704369
