rule,id,name,slots,visit_hours,raw_material_days_after_unlock,token_days,coins,minimum_resource_days
pair,chicken,小鸡,4,4,0.6666666666666666,28.0,59,28.0
pair,chicken,小鸡,4,8,1.3333333333333333,28.0,59,28.0
pair,chicken,小鸡,4,12,2.0,28.0,59,28.0
pair,chicken,小鸡,8,4,0.3333333333333333,28.0,59,28.0
pair,chicken,小鸡,8,8,0.6666666666666666,28.0,59,28.0
pair,chicken,小鸡,8,12,1.0,28.0,59,28.0
pair,chicken,小鸡,16,4,0.16666666666666666,28.0,59,28.0
pair,chicken,小鸡,16,8,0.3333333333333333,28.0,59,28.0
pair,chicken,小鸡,16,12,0.5,28.0,59,28.0
pair,rabbit,垂耳兔,4,4,0.6666666666666666,28.0,147,28.0
pair,rabbit,垂耳兔,4,8,1.3333333333333333,28.0,147,28.0
pair,rabbit,垂耳兔,4,12,2.0,28.0,147,28.0
pair,rabbit,垂耳兔,8,4,0.3333333333333333,28.0,147,28.0
pair,rabbit,垂耳兔,8,8,0.6666666666666666,28.0,147,28.0
pair,rabbit,垂耳兔,8,12,1.0,28.0,147,28.0
pair,rabbit,垂耳兔,16,4,0.16666666666666666,28.0,147,28.0
pair,rabbit,垂耳兔,16,8,0.3333333333333333,28.0,147,28.0
pair,rabbit,垂耳兔,16,12,0.5,28.0,147,28.0
pair,dog,小狗,4,4,0.6666666666666666,28.0,355,28.0
pair,dog,小狗,4,8,1.3333333333333333,28.0,355,28.0
pair,dog,小狗,4,12,2.0,28.0,355,28.0
pair,dog,小狗,8,4,0.3333333333333333,28.0,355,28.0
pair,dog,小狗,8,8,0.6666666666666666,28.0,355,28.0
pair,dog,小狗,8,12,1.0,28.0,355,28.0
pair,dog,小狗,16,4,0.16666666666666666,28.0,355,28.0
pair,dog,小狗,16,8,0.3333333333333333,28.0,355,28.0
pair,dog,小狗,16,12,0.5,28.0,355,28.0
pair,duck,小鸭,4,4,0.6666666666666666,28.0,547,28.0
pair,duck,小鸭,4,8,1.3333333333333333,28.0,547,28.0
pair,duck,小鸭,4,12,2.0,28.0,547,28.0
pair,duck,小鸭,8,4,0.3333333333333333,28.0,547,28.0
pair,duck,小鸭,8,8,0.6666666666666666,28.0,547,28.0
pair,duck,小鸭,8,12,1.0,28.0,547,28.0
pair,duck,小鸭,16,4,0.16666666666666666,28.0,547,28.0
pair,duck,小鸭,16,8,0.3333333333333333,28.0,547,28.0
pair,duck,小鸭,16,12,0.5,28.0,547,28.0
pair,sheep,绵羊,4,4,1.3333333333333333,28.0,896,28.0
pair,sheep,绵羊,4,8,1.3333333333333333,28.0,896,28.0
pair,sheep,绵羊,4,12,2.0,28.0,896,28.0
pair,sheep,绵羊,8,4,0.6666666666666666,28.0,896,28.0
pair,sheep,绵羊,8,8,0.6666666666666666,28.0,896,28.0
pair,sheep,绵羊,8,12,1.0,28.0,896,28.0
pair,sheep,绵羊,16,4,0.3333333333333333,28.0,896,28.0
pair,sheep,绵羊,16,8,0.3333333333333333,28.0,896,28.0
pair,sheep,绵羊,16,12,0.5,28.0,896,28.0
pair,goose,白鹅,4,4,1.3333333333333333,28.0,1211,28.0
pair,goose,白鹅,4,8,1.3333333333333333,28.0,1211,28.0
pair,goose,白鹅,4,12,2.0,28.0,1211,28.0
pair,goose,白鹅,8,4,0.6666666666666666,28.0,1211,28.0
pair,goose,白鹅,8,8,0.6666666666666666,28.0,1211,28.0
pair,goose,白鹅,8,12,1.0,28.0,1211,28.0
pair,goose,白鹅,16,4,0.3333333333333333,28.0,1211,28.0
pair,goose,白鹅,16,8,0.3333333333333333,28.0,1211,28.0
pair,goose,白鹅,16,12,0.5,28.0,1211,28.0
pair,goat,山羊,4,4,2.6666666666666665,28.0,2235,28.0
pair,goat,山羊,4,8,2.6666666666666665,28.0,2235,28.0
pair,goat,山羊,4,12,4.0,28.0,2235,28.0
pair,goat,山羊,8,4,1.3333333333333333,28.0,2235,28.0
pair,goat,山羊,8,8,1.3333333333333333,28.0,2235,28.0
pair,goat,山羊,8,12,2.0,28.0,2235,28.0
pair,goat,山羊,16,4,0.6666666666666666,28.0,2235,28.0
pair,goat,山羊,16,8,0.6666666666666666,28.0,2235,28.0
pair,goat,山羊,16,12,1.0,28.0,2235,28.0
pair,cow,奶牛,4,4,3.3333333333333335,28.0,3632,28.0
pair,cow,奶牛,4,8,4.0,28.0,3632,28.0
pair,cow,奶牛,4,12,4.0,28.0,3632,28.0
pair,cow,奶牛,8,4,1.6666666666666667,28.0,3632,28.0
pair,cow,奶牛,8,8,2.0,28.0,3632,28.0
pair,cow,奶牛,8,12,2.0,28.0,3632,28.0
pair,cow,奶牛,16,4,0.8333333333333334,28.0,3632,28.0
pair,cow,奶牛,16,8,1.0,28.0,3632,28.0
pair,cow,奶牛,16,12,1.0,28.0,3632,28.0
pair,cat,橘猫,4,4,3.3333333333333335,28.0,3992,28.0
pair,cat,橘猫,4,8,4.0,28.0,3992,28.0
pair,cat,橘猫,4,12,4.0,28.0,3992,28.0
pair,cat,橘猫,8,4,1.6666666666666667,28.0,3992,28.0
pair,cat,橘猫,8,8,2.0,28.0,3992,28.0
pair,cat,橘猫,8,12,2.0,28.0,3992,28.0
pair,cat,橘猫,16,4,0.8333333333333334,28.0,3992,28.0
pair,cat,橘猫,16,8,1.0,28.0,3992,28.0
pair,cat,橘猫,16,12,1.0,28.0,3992,28.0
pair,pig,小猪,4,4,4.666666666666667,28.0,6195,28.0
pair,pig,小猪,4,8,5.333333333333333,28.0,6195,28.0
pair,pig,小猪,4,12,6.0,28.0,6195,28.0
pair,pig,小猪,8,4,2.3333333333333335,28.0,6195,28.0
pair,pig,小猪,8,8,2.6666666666666665,28.0,6195,28.0
pair,pig,小猪,8,12,3.0,28.0,6195,28.0
pair,pig,小猪,16,4,1.1666666666666667,28.0,6195,28.0
pair,pig,小猪,16,8,1.3333333333333333,28.0,6195,28.0
pair,pig,小猪,16,12,1.5,28.0,6195,28.0
pair,parrot,鹦鹉,4,4,3.3333333333333335,28.0,4132,28.0
pair,parrot,鹦鹉,4,8,4.0,28.0,4132,28.0
pair,parrot,鹦鹉,4,12,4.0,28.0,4132,28.0
pair,parrot,鹦鹉,8,4,1.6666666666666667,28.0,4132,28.0
pair,parrot,鹦鹉,8,8,2.0,28.0,4132,28.0
pair,parrot,鹦鹉,8,12,2.0,28.0,4132,28.0
pair,parrot,鹦鹉,16,4,0.8333333333333334,28.0,4132,28.0
pair,parrot,鹦鹉,16,8,1.0,28.0,4132,28.0
pair,parrot,鹦鹉,16,12,1.0,28.0,4132,28.0
pair,turtle,小乌龟,4,4,4.666666666666667,28.0,6195,28.0
pair,turtle,小乌龟,4,8,5.333333333333333,28.0,6195,28.0
pair,turtle,小乌龟,4,12,6.0,28.0,6195,28.0
pair,turtle,小乌龟,8,4,2.3333333333333335,28.0,6195,28.0
pair,turtle,小乌龟,8,8,2.6666666666666665,28.0,6195,28.0
pair,turtle,小乌龟,8,12,3.0,28.0,6195,28.0
pair,turtle,小乌龟,16,4,1.1666666666666667,28.0,6195,28.0
pair,turtle,小乌龟,16,8,1.3333333333333333,28.0,6195,28.0
pair,turtle,小乌龟,16,12,1.5,28.0,6195,28.0
pair,horse,小马,4,4,6.0,28.0,9348,28.0
pair,horse,小马,4,8,6.666666666666667,28.0,9348,28.0
pair,horse,小马,4,12,6.0,28.0,9348,28.0
pair,horse,小马,8,4,3.0,28.0,9348,28.0
pair,horse,小马,8,8,3.3333333333333335,28.0,9348,28.0
pair,horse,小马,8,12,3.0,28.0,9348,28.0
pair,horse,小马,16,4,1.5,28.0,9348,28.0
pair,horse,小马,16,8,1.6666666666666667,28.0,9348,28.0
pair,horse,小马,16,12,1.5,28.0,9348,28.0
pair,frog,青蛙,4,4,4.666666666666667,28.0,6792,28.0
pair,frog,青蛙,4,8,5.333333333333333,28.0,6792,28.0
pair,frog,青蛙,4,12,6.0,28.0,6792,28.0
pair,frog,青蛙,8,4,2.3333333333333335,28.0,6792,28.0
pair,frog,青蛙,8,8,2.6666666666666665,28.0,6792,28.0
pair,frog,青蛙,8,12,3.0,28.0,6792,28.0
pair,frog,青蛙,16,4,1.1666666666666667,28.0,6792,28.0
pair,frog,青蛙,16,8,1.3333333333333333,28.0,6792,28.0
pair,frog,青蛙,16,12,1.5,28.0,6792,28.0
pair,peacock,孔雀,4,4,6.0,28.0,10508,28.0
pair,peacock,孔雀,4,8,6.666666666666667,28.0,10508,28.0
pair,peacock,孔雀,4,12,6.0,28.0,10508,28.0
pair,peacock,孔雀,8,4,3.0,28.0,10508,28.0
pair,peacock,孔雀,8,8,3.3333333333333335,28.0,10508,28.0
pair,peacock,孔雀,8,12,3.0,28.0,10508,28.0
pair,peacock,孔雀,16,4,1.5,28.0,10508,28.0
pair,peacock,孔雀,16,8,1.6666666666666667,28.0,10508,28.0
pair,peacock,孔雀,16,12,1.5,28.0,10508,28.0
pair,fox,小狐狸,4,4,6.0,28.0,10167,28.0
pair,fox,小狐狸,4,8,6.666666666666667,28.0,10167,28.0
pair,fox,小狐狸,4,12,6.0,28.0,10167,28.0
pair,fox,小狐狸,8,4,3.0,28.0,10167,28.0
pair,fox,小狐狸,8,8,3.3333333333333335,28.0,10167,28.0
pair,fox,小狐狸,8,12,3.0,28.0,10167,28.0
pair,fox,小狐狸,16,4,1.5,28.0,10167,28.0
pair,fox,小狐狸,16,8,1.6666666666666667,28.0,10167,28.0
pair,fox,小狐狸,16,12,1.5,28.0,10167,28.0
pair,alpaca,羊驼,4,4,8.666666666666666,28.0,16620,28.0
pair,alpaca,羊驼,4,8,9.333333333333334,28.0,16620,28.0
pair,alpaca,羊驼,4,12,10.0,28.0,16620,28.0
pair,alpaca,羊驼,8,4,4.333333333333333,28.0,16620,28.0
pair,alpaca,羊驼,8,8,4.666666666666667,28.0,16620,28.0
pair,alpaca,羊驼,8,12,5.0,28.0,16620,28.0
pair,alpaca,羊驼,16,4,2.1666666666666665,28.0,16620,28.0
pair,alpaca,羊驼,16,8,2.3333333333333335,28.0,16620,28.0
pair,alpaca,羊驼,16,12,2.5,28.0,16620,28.0
pair,hedgehog,刺猬,4,4,6.0,28.0,11267,28.0
pair,hedgehog,刺猬,4,8,6.666666666666667,28.0,11267,28.0
pair,hedgehog,刺猬,4,12,6.0,28.0,11267,28.0
pair,hedgehog,刺猬,8,4,3.0,28.0,11267,28.0
pair,hedgehog,刺猬,8,8,3.3333333333333335,28.0,11267,28.0
pair,hedgehog,刺猬,8,12,3.0,28.0,11267,28.0
pair,hedgehog,刺猬,16,4,1.5,28.0,11267,28.0
pair,hedgehog,刺猬,16,8,1.6666666666666667,28.0,11267,28.0
pair,hedgehog,刺猬,16,12,1.5,28.0,11267,28.0
pair,deer,梅花鹿,4,4,8.666666666666666,28.0,18184,28.0
pair,deer,梅花鹿,4,8,9.333333333333334,28.0,18184,28.0
pair,deer,梅花鹿,4,12,10.0,28.0,18184,28.0
pair,deer,梅花鹿,8,4,4.333333333333333,28.0,18184,28.0
pair,deer,梅花鹿,8,8,4.666666666666667,28.0,18184,28.0
pair,deer,梅花鹿,8,12,5.0,28.0,18184,28.0
pair,deer,梅花鹿,16,4,2.1666666666666665,28.0,18184,28.0
pair,deer,梅花鹿,16,8,2.3333333333333335,28.0,18184,28.0
pair,deer,梅花鹿,16,12,2.5,28.0,18184,28.0
pair,owl,猫头鹰,4,4,8.666666666666666,28.0,18184,28.0
pair,owl,猫头鹰,4,8,9.333333333333334,28.0,18184,28.0
pair,owl,猫头鹰,4,12,10.0,28.0,18184,28.0
pair,owl,猫头鹰,8,4,4.333333333333333,28.0,18184,28.0
pair,owl,猫头鹰,8,8,4.666666666666667,28.0,18184,28.0
pair,owl,猫头鹰,8,12,5.0,28.0,18184,28.0
pair,owl,猫头鹰,16,4,2.1666666666666665,28.0,18184,28.0
pair,owl,猫头鹰,16,8,2.3333333333333335,28.0,18184,28.0
pair,owl,猫头鹰,16,12,2.5,28.0,18184,28.0
pair,penguin,企鹅,4,4,12.0,28.0,27392,28.0
pair,penguin,企鹅,4,8,12.0,28.0,27392,28.0
pair,penguin,企鹅,4,12,12.0,28.0,27392,28.0
pair,penguin,企鹅,8,4,6.0,28.0,27392,28.0
pair,penguin,企鹅,8,8,6.0,28.0,27392,28.0
pair,penguin,企鹅,8,12,6.0,28.0,27392,28.0
pair,penguin,企鹅,16,4,3.0,28.0,27392,28.0
pair,penguin,企鹅,16,8,3.0,28.0,27392,28.0
pair,penguin,企鹅,16,12,3.0,28.0,27392,28.0
pair,snake,小蛇,4,4,9.333333333333334,28.0,21344,28.0
pair,snake,小蛇,4,8,9.333333333333334,28.0,21344,28.0
pair,snake,小蛇,4,12,10.0,28.0,21344,28.0
pair,snake,小蛇,8,4,4.666666666666667,28.0,21344,28.0
pair,snake,小蛇,8,8,4.666666666666667,28.0,21344,28.0
pair,snake,小蛇,8,12,5.0,28.0,21344,28.0
pair,snake,小蛇,16,4,2.3333333333333335,28.0,21344,28.0
pair,snake,小蛇,16,8,2.3333333333333335,28.0,21344,28.0
pair,snake,小蛇,16,12,2.5,28.0,21344,28.0
pair,buffalo,水牛,4,4,13.333333333333334,28.0,32864,28.0
pair,buffalo,水牛,4,8,13.333333333333334,28.0,32864,28.0
pair,buffalo,水牛,4,12,14.0,28.0,32864,28.0
pair,buffalo,水牛,8,4,6.666666666666667,28.0,32864,28.0
pair,buffalo,水牛,8,8,6.666666666666667,28.0,32864,28.0
pair,buffalo,水牛,8,12,7.0,28.0,32864,28.0
pair,buffalo,水牛,16,4,3.3333333333333335,28.0,32864,28.0
pair,buffalo,水牛,16,8,3.3333333333333335,28.0,32864,28.0
pair,buffalo,水牛,16,12,3.5,28.0,32864,28.0
pair,moose,驼鹿,4,4,13.333333333333334,28.0,32848,28.0
pair,moose,驼鹿,4,8,13.333333333333334,28.0,32848,28.0
pair,moose,驼鹿,4,12,14.0,28.0,32848,28.0
pair,moose,驼鹿,8,4,6.666666666666667,28.0,32848,28.0
pair,moose,驼鹿,8,8,6.666666666666667,28.0,32848,28.0
pair,moose,驼鹿,8,12,7.0,28.0,32848,28.0
pair,moose,驼鹿,16,4,3.3333333333333335,28.0,32848,28.0
pair,moose,驼鹿,16,8,3.3333333333333335,28.0,32848,28.0
pair,moose,驼鹿,16,12,3.5,28.0,32848,28.0
pair,zebra,斑马,4,4,14.0,28.0,37076,28.0
pair,zebra,斑马,4,8,14.666666666666666,28.0,37076,28.0
pair,zebra,斑马,4,12,14.0,28.0,37076,28.0
pair,zebra,斑马,8,4,7.0,28.0,37076,28.0
pair,zebra,斑马,8,8,7.333333333333333,28.0,37076,28.0
pair,zebra,斑马,8,12,7.0,28.0,37076,28.0
pair,zebra,斑马,16,4,3.5,28.0,37076,28.0
pair,zebra,斑马,16,8,3.6666666666666665,28.0,37076,28.0
pair,zebra,斑马,16,12,3.5,28.0,37076,28.0
pair,bear,小熊,4,4,18.0,28.0,47652,28.0
pair,bear,小熊,4,8,18.666666666666668,28.0,47652,28.0
pair,bear,小熊,4,12,18.0,28.0,47652,28.0
pair,bear,小熊,8,4,9.0,28.0,47652,28.0
pair,bear,小熊,8,8,9.333333333333334,28.0,47652,28.0
pair,bear,小熊,8,12,9.0,28.0,47652,28.0
pair,bear,小熊,16,4,4.5,28.0,47652,28.0
pair,bear,小熊,16,8,4.666666666666667,28.0,47652,28.0
pair,bear,小熊,16,12,4.5,28.0,47652,28.0
pair,monkey,猴子,4,4,11.333333333333334,28.0,32060,28.0
pair,monkey,猴子,4,8,12.0,28.0,32060,28.0
pair,monkey,猴子,4,12,12.0,28.0,32060,28.0
pair,monkey,猴子,8,4,5.666666666666667,28.0,32060,28.0
pair,monkey,猴子,8,8,6.0,28.0,32060,28.0
pair,monkey,猴子,8,12,6.0,28.0,32060,28.0
pair,monkey,猴子,16,4,2.8333333333333335,28.0,32060,28.0
pair,monkey,猴子,16,8,3.0,28.0,32060,28.0
pair,monkey,猴子,16,12,3.0,28.0,32060,28.0
pair,gorilla,大猩猩,4,4,14.0,28.0,39628,28.0
pair,gorilla,大猩猩,4,8,14.666666666666666,28.0,39628,28.0
pair,gorilla,大猩猩,4,12,14.0,28.0,39628,28.0
pair,gorilla,大猩猩,8,4,7.0,28.0,39628,28.0
pair,gorilla,大猩猩,8,8,7.333333333333333,28.0,39628,28.0
pair,gorilla,大猩猩,8,12,7.0,28.0,39628,28.0
pair,gorilla,大猩猩,16,4,3.5,28.0,39628,28.0
pair,gorilla,大猩猩,16,8,3.6666666666666665,28.0,39628,28.0
pair,gorilla,大猩猩,16,12,3.5,28.0,39628,28.0
pair,giraffe,长颈鹿,4,4,18.0,28.0,54220,28.0
pair,giraffe,长颈鹿,4,8,18.666666666666668,28.0,54220,28.0
pair,giraffe,长颈鹿,4,12,18.0,28.0,54220,28.0
pair,giraffe,长颈鹿,8,4,9.0,28.0,54220,28.0
pair,giraffe,长颈鹿,8,8,9.333333333333334,28.0,54220,28.0
pair,giraffe,长颈鹿,8,12,9.0,28.0,54220,28.0
pair,giraffe,长颈鹿,16,4,4.5,28.0,54220,28.0
pair,giraffe,长颈鹿,16,8,4.666666666666667,28.0,54220,28.0
pair,giraffe,长颈鹿,16,12,4.5,28.0,54220,28.0
pair,rhino,犀牛,4,4,26.0,28.0,78300,28.0
pair,rhino,犀牛,4,8,26.666666666666668,28.0,78300,28.0
pair,rhino,犀牛,4,12,26.0,28.0,78300,28.0
pair,rhino,犀牛,8,4,13.0,28.0,78300,28.0
pair,rhino,犀牛,8,8,13.333333333333334,28.0,78300,28.0
pair,rhino,犀牛,8,12,13.0,28.0,78300,28.0
pair,rhino,犀牛,16,4,6.5,28.0,78300,28.0
pair,rhino,犀牛,16,8,6.666666666666667,28.0,78300,28.0
pair,rhino,犀牛,16,12,6.5,28.0,78300,28.0
pair,hippo,河马,4,4,18.0,28.0,57532,28.0
pair,hippo,河马,4,8,18.666666666666668,28.0,57532,28.0
pair,hippo,河马,4,12,18.0,28.0,57532,28.0
pair,hippo,河马,8,4,9.0,28.0,57532,28.0
pair,hippo,河马,8,8,9.333333333333334,28.0,57532,28.0
pair,hippo,河马,8,12,9.0,28.0,57532,28.0
pair,hippo,河马,16,4,4.5,28.0,57532,28.0
pair,hippo,河马,16,8,4.666666666666667,28.0,57532,28.0
pair,hippo,河马,16,12,4.5,28.0,57532,28.0
pair,crocodile,鳄鱼,4,4,26.0,28.0,83044,28.0
pair,crocodile,鳄鱼,4,8,26.666666666666668,28.0,83044,28.0
pair,crocodile,鳄鱼,4,12,26.0,28.0,83044,28.0
pair,crocodile,鳄鱼,8,4,13.0,28.0,83044,28.0
pair,crocodile,鳄鱼,8,8,13.333333333333334,28.0,83044,28.0
pair,crocodile,鳄鱼,8,12,13.0,28.0,83044,28.0
pair,crocodile,鳄鱼,16,4,6.5,28.0,83044,28.0
pair,crocodile,鳄鱼,16,8,6.666666666666667,28.0,83044,28.0
pair,crocodile,鳄鱼,16,12,6.5,28.0,83044,28.0
pair,lion,狮子,4,4,28.0,28.0,94488,28.0
pair,lion,狮子,4,8,28.0,28.0,94488,28.0
pair,lion,狮子,4,12,28.0,28.0,94488,28.0
pair,lion,狮子,8,4,14.0,28.0,94488,28.0
pair,lion,狮子,8,8,14.0,28.0,94488,28.0
pair,lion,狮子,8,12,14.0,28.0,94488,28.0
pair,lion,狮子,16,4,7.0,28.0,94488,28.0
pair,lion,狮子,16,8,7.0,28.0,94488,28.0
pair,lion,狮子,16,12,7.0,28.0,94488,28.0
pair,elephant,大象,4,4,36.0,28.0,128080,36.0
pair,elephant,大象,4,8,36.0,28.0,128080,36.0
pair,elephant,大象,4,12,36.0,28.0,128080,36.0
pair,elephant,大象,8,4,18.0,28.0,128080,28.0
pair,elephant,大象,8,8,18.0,28.0,128080,28.0
pair,elephant,大象,8,12,18.0,28.0,128080,28.0
pair,elephant,大象,16,4,9.0,28.0,128080,28.0
pair,elephant,大象,16,8,9.0,28.0,128080,28.0
pair,elephant,大象,16,12,9.0,28.0,128080,28.0
pair,panda,大熊猫,4,4,20.0,28.0,71168,28.0
pair,panda,大熊猫,4,8,20.0,28.0,71168,28.0
pair,panda,大熊猫,4,12,20.0,28.0,71168,28.0
pair,panda,大熊猫,8,4,10.0,28.0,71168,28.0
pair,panda,大熊猫,8,8,10.0,28.0,71168,28.0
pair,panda,大熊猫,8,12,10.0,28.0,71168,28.0
pair,panda,大熊猫,16,4,5.0,28.0,71168,28.0
pair,panda,大熊猫,16,8,5.0,28.0,71168,28.0
pair,panda,大熊猫,16,12,5.0,28.0,71168,28.0
pair,sloth,树懒,4,4,36.0,28.0,141208,36.0
pair,sloth,树懒,4,8,36.0,28.0,141208,36.0
pair,sloth,树懒,4,12,36.0,28.0,141208,36.0
pair,sloth,树懒,8,4,18.0,28.0,141208,28.0
pair,sloth,树懒,8,8,18.0,28.0,141208,28.0
pair,sloth,树懒,8,12,18.0,28.0,141208,28.0
pair,sloth,树懒,16,4,9.0,28.0,141208,28.0
pair,sloth,树懒,16,8,9.0,28.0,141208,28.0
pair,sloth,树懒,16,12,9.0,28.0,141208,28.0
progressive,chicken,小鸡,4,4,1.5,37.0,106,37.0
progressive,chicken,小鸡,4,8,3.0,37.0,106,37.0
progressive,chicken,小鸡,4,12,4.5,37.0,106,37.0
progressive,chicken,小鸡,8,4,0.8333333333333334,37.0,106,37.0
progressive,chicken,小鸡,8,8,1.6666666666666667,37.0,106,37.0
progressive,chicken,小鸡,8,12,2.5,37.0,106,37.0
progressive,chicken,小鸡,16,4,0.5,37.0,106,37.0
progressive,chicken,小鸡,16,8,1.0,37.0,106,37.0
progressive,chicken,小鸡,16,12,1.5,37.0,106,37.0
progressive,rabbit,垂耳兔,4,4,1.5,37.0,256,37.0
progressive,rabbit,垂耳兔,4,8,3.0,37.0,256,37.0
progressive,rabbit,垂耳兔,4,12,4.5,37.0,256,37.0
progressive,rabbit,垂耳兔,8,4,0.8333333333333334,37.0,256,37.0
progressive,rabbit,垂耳兔,8,8,1.6666666666666667,37.0,256,37.0
progressive,rabbit,垂耳兔,8,12,2.5,37.0,256,37.0
progressive,rabbit,垂耳兔,16,4,0.5,37.0,256,37.0
progressive,rabbit,垂耳兔,16,8,1.0,37.0,256,37.0
progressive,rabbit,垂耳兔,16,12,1.5,37.0,256,37.0
progressive,dog,小狗,4,4,1.5,37.0,616,37.0
progressive,dog,小狗,4,8,3.0,37.0,616,37.0
progressive,dog,小狗,4,12,4.5,37.0,616,37.0
progressive,dog,小狗,8,4,0.8333333333333334,37.0,616,37.0
progressive,dog,小狗,8,8,1.6666666666666667,37.0,616,37.0
progressive,dog,小狗,8,12,2.5,37.0,616,37.0
progressive,dog,小狗,16,4,0.5,37.0,616,37.0
progressive,dog,小狗,16,8,1.0,37.0,616,37.0
progressive,dog,小狗,16,12,1.5,37.0,616,37.0
progressive,duck,小鸭,4,4,1.5,37.0,948,37.0
progressive,duck,小鸭,4,8,3.0,37.0,948,37.0
progressive,duck,小鸭,4,12,4.5,37.0,948,37.0
progressive,duck,小鸭,8,4,0.8333333333333334,37.0,948,37.0
progressive,duck,小鸭,8,8,1.6666666666666667,37.0,948,37.0
progressive,duck,小鸭,8,12,2.5,37.0,948,37.0
progressive,duck,小鸭,16,4,0.5,37.0,948,37.0
progressive,duck,小鸭,16,8,1.0,37.0,948,37.0
progressive,duck,小鸭,16,12,1.5,37.0,948,37.0
progressive,sheep,绵羊,4,4,3.0,37.0,1548,37.0
progressive,sheep,绵羊,4,8,3.0,37.0,1548,37.0
progressive,sheep,绵羊,4,12,4.5,37.0,1548,37.0
progressive,sheep,绵羊,8,4,1.6666666666666667,37.0,1548,37.0
progressive,sheep,绵羊,8,8,1.6666666666666667,37.0,1548,37.0
progressive,sheep,绵羊,8,12,2.5,37.0,1548,37.0
progressive,sheep,绵羊,16,4,1.0,37.0,1548,37.0
progressive,sheep,绵羊,16,8,1.0,37.0,1548,37.0
progressive,sheep,绵羊,16,12,1.5,37.0,1548,37.0
progressive,goose,白鹅,4,4,3.0,37.0,2090,37.0
progressive,goose,白鹅,4,8,3.0,37.0,2090,37.0
progressive,goose,白鹅,4,12,4.5,37.0,2090,37.0
progressive,goose,白鹅,8,4,1.6666666666666667,37.0,2090,37.0
progressive,goose,白鹅,8,8,1.6666666666666667,37.0,2090,37.0
progressive,goose,白鹅,8,12,2.5,37.0,2090,37.0
progressive,goose,白鹅,16,4,1.0,37.0,2090,37.0
progressive,goose,白鹅,16,8,1.0,37.0,2090,37.0
progressive,goose,白鹅,16,12,1.5,37.0,2090,37.0
progressive,goat,山羊,4,4,6.0,37.0,3854,37.0
progressive,goat,山羊,4,8,6.0,37.0,3854,37.0
progressive,goat,山羊,4,12,9.0,37.0,3854,37.0
progressive,goat,山羊,8,4,3.3333333333333335,37.0,3854,37.0
progressive,goat,山羊,8,8,3.3333333333333335,37.0,3854,37.0
progressive,goat,山羊,8,12,5.0,37.0,3854,37.0
progressive,goat,山羊,16,4,2.0,37.0,3854,37.0
progressive,goat,山羊,16,8,2.0,37.0,3854,37.0
progressive,goat,山羊,16,12,3.0,37.0,3854,37.0
progressive,cow,奶牛,4,4,7.5,37.0,6264,37.0
progressive,cow,奶牛,4,8,9.0,37.0,6264,37.0
progressive,cow,奶牛,4,12,9.0,37.0,6264,37.0
progressive,cow,奶牛,8,4,4.166666666666667,37.0,6264,37.0
progressive,cow,奶牛,8,8,5.0,37.0,6264,37.0
progressive,cow,奶牛,8,12,5.0,37.0,6264,37.0
progressive,cow,奶牛,16,4,2.5,37.0,6264,37.0
progressive,cow,奶牛,16,8,3.0,37.0,6264,37.0
progressive,cow,奶牛,16,12,3.0,37.0,6264,37.0
progressive,cat,橘猫,4,4,7.5,37.0,6882,37.0
progressive,cat,橘猫,4,8,9.0,37.0,6882,37.0
progressive,cat,橘猫,4,12,9.0,37.0,6882,37.0
progressive,cat,橘猫,8,4,4.166666666666667,37.0,6882,37.0
progressive,cat,橘猫,8,8,5.0,37.0,6882,37.0
progressive,cat,橘猫,8,12,5.0,37.0,6882,37.0
progressive,cat,橘猫,16,4,2.5,37.0,6882,37.0
progressive,cat,橘猫,16,8,3.0,37.0,6882,37.0
progressive,cat,橘猫,16,12,3.0,37.0,6882,37.0
progressive,pig,小猪,4,4,10.5,37.0,10680,37.0
progressive,pig,小猪,4,8,12.0,37.0,10680,37.0
progressive,pig,小猪,4,12,13.5,37.0,10680,37.0
progressive,pig,小猪,8,4,5.833333333333333,37.0,10680,37.0
progressive,pig,小猪,8,8,6.666666666666667,37.0,10680,37.0
progressive,pig,小猪,8,12,7.5,37.0,10680,37.0
progressive,pig,小猪,16,4,3.5,37.0,10680,37.0
progressive,pig,小猪,16,8,4.0,37.0,10680,37.0
progressive,pig,小猪,16,12,4.5,37.0,10680,37.0
progressive,parrot,鹦鹉,4,4,7.5,37.0,7125,37.0
progressive,parrot,鹦鹉,4,8,9.0,37.0,7125,37.0
progressive,parrot,鹦鹉,4,12,9.0,37.0,7125,37.0
progressive,parrot,鹦鹉,8,4,4.166666666666667,37.0,7125,37.0
progressive,parrot,鹦鹉,8,8,5.0,37.0,7125,37.0
progressive,parrot,鹦鹉,8,12,5.0,37.0,7125,37.0
progressive,parrot,鹦鹉,16,4,2.5,37.0,7125,37.0
progressive,parrot,鹦鹉,16,8,3.0,37.0,7125,37.0
progressive,parrot,鹦鹉,16,12,3.0,37.0,7125,37.0
progressive,turtle,小乌龟,4,4,10.5,37.0,10680,37.0
progressive,turtle,小乌龟,4,8,12.0,37.0,10680,37.0
progressive,turtle,小乌龟,4,12,13.5,37.0,10680,37.0
progressive,turtle,小乌龟,8,4,5.833333333333333,37.0,10680,37.0
progressive,turtle,小乌龟,8,8,6.666666666666667,37.0,10680,37.0
progressive,turtle,小乌龟,8,12,7.5,37.0,10680,37.0
progressive,turtle,小乌龟,16,4,3.5,37.0,10680,37.0
progressive,turtle,小乌龟,16,8,4.0,37.0,10680,37.0
progressive,turtle,小乌龟,16,12,4.5,37.0,10680,37.0
progressive,horse,小马,4,4,13.5,37.0,16113,37.0
progressive,horse,小马,4,8,15.0,37.0,16113,37.0
progressive,horse,小马,4,12,13.5,37.0,16113,37.0
progressive,horse,小马,8,4,7.5,37.0,16113,37.0
progressive,horse,小马,8,8,8.333333333333334,37.0,16113,37.0
progressive,horse,小马,8,12,7.5,37.0,16113,37.0
progressive,horse,小马,16,4,4.5,37.0,16113,37.0
progressive,horse,小马,16,8,5.0,37.0,16113,37.0
progressive,horse,小马,16,12,4.5,37.0,16113,37.0
progressive,frog,青蛙,4,4,10.5,37.0,11710,37.0
progressive,frog,青蛙,4,8,12.0,37.0,11710,37.0
progressive,frog,青蛙,4,12,13.5,37.0,11710,37.0
progressive,frog,青蛙,8,4,5.833333333333333,37.0,11710,37.0
progressive,frog,青蛙,8,8,6.666666666666667,37.0,11710,37.0
progressive,frog,青蛙,8,12,7.5,37.0,11710,37.0
progressive,frog,青蛙,16,4,3.5,37.0,11710,37.0
progressive,frog,青蛙,16,8,4.0,37.0,11710,37.0
progressive,frog,青蛙,16,12,4.5,37.0,11710,37.0
progressive,peacock,孔雀,4,4,13.5,37.0,18115,37.0
progressive,peacock,孔雀,4,8,15.0,37.0,18115,37.0
progressive,peacock,孔雀,4,12,13.5,37.0,18115,37.0
progressive,peacock,孔雀,8,4,7.5,37.0,18115,37.0
progressive,peacock,孔雀,8,8,8.333333333333334,37.0,18115,37.0
progressive,peacock,孔雀,8,12,7.5,37.0,18115,37.0
progressive,peacock,孔雀,16,4,4.5,37.0,18115,37.0
progressive,peacock,孔雀,16,8,5.0,37.0,18115,37.0
progressive,peacock,孔雀,16,12,4.5,37.0,18115,37.0
progressive,fox,小狐狸,4,4,13.5,37.0,17529,37.0
progressive,fox,小狐狸,4,8,15.0,37.0,17529,37.0
progressive,fox,小狐狸,4,12,13.5,37.0,17529,37.0
progressive,fox,小狐狸,8,4,7.5,37.0,17529,37.0
progressive,fox,小狐狸,8,8,8.333333333333334,37.0,17529,37.0
progressive,fox,小狐狸,8,12,7.5,37.0,17529,37.0
progressive,fox,小狐狸,16,4,4.5,37.0,17529,37.0
progressive,fox,小狐狸,16,8,5.0,37.0,17529,37.0
progressive,fox,小狐狸,16,12,4.5,37.0,17529,37.0
progressive,alpaca,羊驼,4,4,19.5,37.0,28651,37.0
progressive,alpaca,羊驼,4,8,21.0,37.0,28651,37.0
progressive,alpaca,羊驼,4,12,22.5,37.0,28651,37.0
progressive,alpaca,羊驼,8,4,10.833333333333334,37.0,28651,37.0
progressive,alpaca,羊驼,8,8,11.666666666666666,37.0,28651,37.0
progressive,alpaca,羊驼,8,12,12.5,37.0,28651,37.0
progressive,alpaca,羊驼,16,4,6.5,37.0,28651,37.0
progressive,alpaca,羊驼,16,8,7.0,37.0,28651,37.0
progressive,alpaca,羊驼,16,12,7.5,37.0,28651,37.0
progressive,hedgehog,刺猬,4,4,13.5,37.0,19424,37.0
progressive,hedgehog,刺猬,4,8,15.0,37.0,19424,37.0
progressive,hedgehog,刺猬,4,12,13.5,37.0,19424,37.0
progressive,hedgehog,刺猬,8,4,7.5,37.0,19424,37.0
progressive,hedgehog,刺猬,8,8,8.333333333333334,37.0,19424,37.0
progressive,hedgehog,刺猬,8,12,7.5,37.0,19424,37.0
progressive,hedgehog,刺猬,16,4,4.5,37.0,19424,37.0
progressive,hedgehog,刺猬,16,8,5.0,37.0,19424,37.0
progressive,hedgehog,刺猬,16,12,4.5,37.0,19424,37.0
progressive,deer,梅花鹿,4,4,19.5,37.0,31346,37.0
progressive,deer,梅花鹿,4,8,21.0,37.0,31346,37.0
progressive,deer,梅花鹿,4,12,22.5,37.0,31346,37.0
progressive,deer,梅花鹿,8,4,10.833333333333334,37.0,31346,37.0
progressive,deer,梅花鹿,8,8,11.666666666666666,37.0,31346,37.0
progressive,deer,梅花鹿,8,12,12.5,37.0,31346,37.0
progressive,deer,梅花鹿,16,4,6.5,37.0,31346,37.0
progressive,deer,梅花鹿,16,8,7.0,37.0,31346,37.0
progressive,deer,梅花鹿,16,12,7.5,37.0,31346,37.0
progressive,owl,猫头鹰,4,4,19.5,37.0,31346,37.0
progressive,owl,猫头鹰,4,8,21.0,37.0,31346,37.0
progressive,owl,猫头鹰,4,12,22.5,37.0,31346,37.0
progressive,owl,猫头鹰,8,4,10.833333333333334,37.0,31346,37.0
progressive,owl,猫头鹰,8,8,11.666666666666666,37.0,31346,37.0
progressive,owl,猫头鹰,8,12,12.5,37.0,31346,37.0
progressive,owl,猫头鹰,16,4,6.5,37.0,31346,37.0
progressive,owl,猫头鹰,16,8,7.0,37.0,31346,37.0
progressive,owl,猫头鹰,16,12,7.5,37.0,31346,37.0
progressive,penguin,企鹅,4,4,27.0,37.0,47216,37.0
progressive,penguin,企鹅,4,8,27.0,37.0,47216,37.0
progressive,penguin,企鹅,4,12,27.0,37.0,47216,37.0
progressive,penguin,企鹅,8,4,15.0,37.0,47216,37.0
progressive,penguin,企鹅,8,8,15.0,37.0,47216,37.0
progressive,penguin,企鹅,8,12,15.0,37.0,47216,37.0
progressive,penguin,企鹅,16,4,9.0,37.0,47216,37.0
progressive,penguin,企鹅,16,8,9.0,37.0,47216,37.0
progressive,penguin,企鹅,16,12,9.0,37.0,47216,37.0
progressive,snake,小蛇,4,4,21.0,37.0,36792,37.0
progressive,snake,小蛇,4,8,21.0,37.0,36792,37.0
progressive,snake,小蛇,4,12,22.5,37.0,36792,37.0
progressive,snake,小蛇,8,4,11.666666666666666,37.0,36792,37.0
progressive,snake,小蛇,8,8,11.666666666666666,37.0,36792,37.0
progressive,snake,小蛇,8,12,12.5,37.0,36792,37.0
progressive,snake,小蛇,16,4,7.0,37.0,36792,37.0
progressive,snake,小蛇,16,8,7.0,37.0,36792,37.0
progressive,snake,小蛇,16,12,7.5,37.0,36792,37.0
progressive,buffalo,水牛,4,4,30.0,37.0,56648,37.0
progressive,buffalo,水牛,4,8,30.0,37.0,56648,37.0
progressive,buffalo,水牛,4,12,31.5,37.0,56648,37.0
progressive,buffalo,水牛,8,4,16.666666666666668,37.0,56648,37.0
progressive,buffalo,水牛,8,8,16.666666666666668,37.0,56648,37.0
progressive,buffalo,水牛,8,12,17.5,37.0,56648,37.0
progressive,buffalo,水牛,16,4,10.0,37.0,56648,37.0
progressive,buffalo,水牛,16,8,10.0,37.0,56648,37.0
progressive,buffalo,水牛,16,12,10.5,37.0,56648,37.0
progressive,moose,驼鹿,4,4,30.0,37.0,56624,37.0
progressive,moose,驼鹿,4,8,30.0,37.0,56624,37.0
progressive,moose,驼鹿,4,12,31.5,37.0,56624,37.0
progressive,moose,驼鹿,8,4,16.666666666666668,37.0,56624,37.0
progressive,moose,驼鹿,8,8,16.666666666666668,37.0,56624,37.0
progressive,moose,驼鹿,8,12,17.5,37.0,56624,37.0
progressive,moose,驼鹿,16,4,10.0,37.0,56624,37.0
progressive,moose,驼鹿,16,8,10.0,37.0,56624,37.0
progressive,moose,驼鹿,16,12,10.5,37.0,56624,37.0
progressive,zebra,斑马,4,4,31.5,37.0,63909,37.0
progressive,zebra,斑马,4,8,33.0,37.0,63909,37.0
progressive,zebra,斑马,4,12,31.5,37.0,63909,37.0
progressive,zebra,斑马,8,4,17.5,37.0,63909,37.0
progressive,zebra,斑马,8,8,18.333333333333332,37.0,63909,37.0
progressive,zebra,斑马,8,12,17.5,37.0,63909,37.0
progressive,zebra,斑马,16,4,10.5,37.0,63909,37.0
progressive,zebra,斑马,16,8,11.0,37.0,63909,37.0
progressive,zebra,斑马,16,12,10.5,37.0,63909,37.0
progressive,bear,小熊,4,4,40.5,37.0,82137,40.5
progressive,bear,小熊,4,8,42.0,37.0,82137,42.0
progressive,bear,小熊,4,12,40.5,37.0,82137,40.5
progressive,bear,小熊,8,4,22.5,37.0,82137,37.0
progressive,bear,小熊,8,8,23.333333333333332,37.0,82137,37.0
progressive,bear,小熊,8,12,22.5,37.0,82137,37.0
progressive,bear,小熊,16,4,13.5,37.0,82137,37.0
progressive,bear,小熊,16,8,14.0,37.0,82137,37.0
progressive,bear,小熊,16,12,13.5,37.0,82137,37.0
progressive,monkey,猴子,4,4,25.5,37.0,55263,37.0
progressive,monkey,猴子,4,8,27.0,37.0,55263,37.0
progressive,monkey,猴子,4,12,27.0,37.0,55263,37.0
progressive,monkey,猴子,8,4,14.166666666666666,37.0,55263,37.0
progressive,monkey,猴子,8,8,15.0,37.0,55263,37.0
progressive,monkey,猴子,8,12,15.0,37.0,55263,37.0
progressive,monkey,猴子,16,4,8.5,37.0,55263,37.0
progressive,monkey,猴子,16,8,9.0,37.0,55263,37.0
progressive,monkey,猴子,16,12,9.0,37.0,55263,37.0
progressive,gorilla,大猩猩,4,4,31.5,37.0,68307,37.0
progressive,gorilla,大猩猩,4,8,33.0,37.0,68307,37.0
progressive,gorilla,大猩猩,4,12,31.5,37.0,68307,37.0
progressive,gorilla,大猩猩,8,4,17.5,37.0,68307,37.0
progressive,gorilla,大猩猩,8,8,18.333333333333332,37.0,68307,37.0
progressive,gorilla,大猩猩,8,12,17.5,37.0,68307,37.0
progressive,gorilla,大猩猩,16,4,10.5,37.0,68307,37.0
progressive,gorilla,大猩猩,16,8,11.0,37.0,68307,37.0
progressive,gorilla,大猩猩,16,12,10.5,37.0,68307,37.0
progressive,giraffe,长颈鹿,4,4,40.5,37.0,93459,40.5
progressive,giraffe,长颈鹿,4,8,42.0,37.0,93459,42.0
progressive,giraffe,长颈鹿,4,12,40.5,37.0,93459,40.5
progressive,giraffe,长颈鹿,8,4,22.5,37.0,93459,37.0
progressive,giraffe,长颈鹿,8,8,23.333333333333332,37.0,93459,37.0
progressive,giraffe,长颈鹿,8,12,22.5,37.0,93459,37.0
progressive,giraffe,长颈鹿,16,4,13.5,37.0,93459,37.0
progressive,giraffe,长颈鹿,16,8,14.0,37.0,93459,37.0
progressive,giraffe,长颈鹿,16,12,13.5,37.0,93459,37.0
progressive,rhino,犀牛,4,4,58.5,37.0,134967,58.5
progressive,rhino,犀牛,4,8,60.0,37.0,134967,60.0
progressive,rhino,犀牛,4,12,58.5,37.0,134967,58.5
progressive,rhino,犀牛,8,4,32.5,37.0,134967,37.0
progressive,rhino,犀牛,8,8,33.333333333333336,37.0,134967,37.0
progressive,rhino,犀牛,8,12,32.5,37.0,134967,37.0
progressive,rhino,犀牛,16,4,19.5,37.0,134967,37.0
progressive,rhino,犀牛,16,8,20.0,37.0,134967,37.0
progressive,rhino,犀牛,16,12,19.5,37.0,134967,37.0
progressive,hippo,河马,4,4,40.5,37.0,99167,40.5
progressive,hippo,河马,4,8,42.0,37.0,99167,42.0
progressive,hippo,河马,4,12,40.5,37.0,99167,40.5
progressive,hippo,河马,8,4,22.5,37.0,99167,37.0
progressive,hippo,河马,8,8,23.333333333333332,37.0,99167,37.0
progressive,hippo,河马,8,12,22.5,37.0,99167,37.0
progressive,hippo,河马,16,4,13.5,37.0,99167,37.0
progressive,hippo,河马,16,8,14.0,37.0,99167,37.0
progressive,hippo,河马,16,12,13.5,37.0,99167,37.0
progressive,crocodile,鳄鱼,4,4,58.5,37.0,143145,58.5
progressive,crocodile,鳄鱼,4,8,60.0,37.0,143145,60.0
progressive,crocodile,鳄鱼,4,12,58.5,37.0,143145,58.5
progressive,crocodile,鳄鱼,8,4,32.5,37.0,143145,37.0
progressive,crocodile,鳄鱼,8,8,33.333333333333336,37.0,143145,37.0
progressive,crocodile,鳄鱼,8,12,32.5,37.0,143145,37.0
progressive,crocodile,鳄鱼,16,4,19.5,37.0,143145,37.0
progressive,crocodile,鳄鱼,16,8,20.0,37.0,143145,37.0
progressive,crocodile,鳄鱼,16,12,19.5,37.0,143145,37.0
progressive,lion,狮子,4,4,63.0,37.0,162870,63.0
progressive,lion,狮子,4,8,63.0,37.0,162870,63.0
progressive,lion,狮子,4,12,63.0,37.0,162870,63.0
progressive,lion,狮子,8,4,35.0,37.0,162870,37.0
progressive,lion,狮子,8,8,35.0,37.0,162870,37.0
progressive,lion,狮子,8,12,35.0,37.0,162870,37.0
progressive,lion,狮子,16,4,21.0,37.0,162870,37.0
progressive,lion,狮子,16,8,21.0,37.0,162870,37.0
progressive,lion,狮子,16,12,21.0,37.0,162870,37.0
progressive,elephant,大象,4,4,81.0,37.0,220772,81.0
progressive,elephant,大象,4,8,81.0,37.0,220772,81.0
progressive,elephant,大象,4,12,81.0,37.0,220772,81.0
progressive,elephant,大象,8,4,45.0,37.0,220772,45.0
progressive,elephant,大象,8,8,45.0,37.0,220772,45.0
progressive,elephant,大象,8,12,45.0,37.0,220772,45.0
progressive,elephant,大象,16,4,27.0,37.0,220772,37.0
progressive,elephant,大象,16,8,27.0,37.0,220772,37.0
progressive,elephant,大象,16,12,27.0,37.0,220772,37.0
progressive,panda,大熊猫,4,4,45.0,37.0,122672,45.0
progressive,panda,大熊猫,4,8,45.0,37.0,122672,45.0
progressive,panda,大熊猫,4,12,45.0,37.0,122672,45.0
progressive,panda,大熊猫,8,4,25.0,37.0,122672,37.0
progressive,panda,大熊猫,8,8,25.0,37.0,122672,37.0
progressive,panda,大熊猫,8,12,25.0,37.0,122672,37.0
progressive,panda,大熊猫,16,4,15.0,37.0,122672,37.0
progressive,panda,大熊猫,16,8,15.0,37.0,122672,37.0
progressive,panda,大熊猫,16,12,15.0,37.0,122672,37.0
progressive,sloth,树懒,4,4,81.0,37.0,243398,81.0
progressive,sloth,树懒,4,8,81.0,37.0,243398,81.0
progressive,sloth,树懒,4,12,81.0,37.0,243398,81.0
progressive,sloth,树懒,8,4,45.0,37.0,243398,45.0
progressive,sloth,树懒,8,8,45.0,37.0,243398,45.0
progressive,sloth,树懒,8,12,45.0,37.0,243398,45.0
progressive,sloth,树懒,16,4,27.0,37.0,243398,37.0
progressive,sloth,树懒,16,8,27.0,37.0,243398,37.0
progressive,sloth,树懒,16,12,27.0,37.0,243398,37.0
