population,id,method,mean_multiplier,net_increase_pct
previous-0.10,chicken,floor_unit,1.0245924705882357,11.547768797954138
previous-0.10,chicken,nearest_unit,1.074905411764706,35.172975959079395
previous-0.10,chicken,ceil_unit,1.2138960000000003,100.43812173913058
previous-0.10,chicken,fixed_point_carry,1.095713647058824,44.94379948849128
previous-0.10,rabbit,floor_unit,1.0738724705882352,40.913983710407194
previous-0.10,rabbit,nearest_unit,1.097463647058823,53.97986606334815
previous-0.10,rabbit,ceil_unit,1.1164960000000002,64.52086153846163
previous-0.10,rabbit,fixed_point_carry,1.095713647058824,53.01063529411791
previous-0.10,cow,floor_unit,1.0934014671280279,48.856152036199205
previous-0.10,cow,nearest_unit,1.0962232895040367,50.3321822021115
previous-0.10,cow,ceil_unit,1.0971133010380623,50.79772669683257
previous-0.10,cow,fixed_point_carry,1.0957136470588236,50.06560000000002
previous-0.10,sloth,floor_unit,1.0956373386870106,48.27173167147995
previous-0.10,sloth,nearest_unit,1.0957285219835375,48.317755281957794
previous-0.10,sloth,ceil_unit,1.095764153382855,48.33573977808187
previous-0.10,sloth,fixed_point_carry,1.0957136470588236,48.31024735268787
previous-0.20,chicken,floor_unit,1.050369882352941,23.651944757033185
previous-0.20,chicken,nearest_unit,1.1556216470588236,73.07451253196938
previous-0.20,chicken,ceil_unit,1.4075840000000002,191.38726956521748
previous-0.20,chicken,fixed_point_carry,1.188854588235294,88.67954578005114
previous-0.20,rabbit,floor_unit,1.1484898823529415,82.24055022624451
previous-0.20,rabbit,nearest_unit,1.1918545882352947,106.25792579185551
previous-0.20,rabbit,ceil_unit,1.227984,126.26806153846152
previous-0.20,rabbit,fixed_point_carry,1.188854588235294,104.59638733031676
previous-0.20,cow,floor_unit,1.1845078292964246,96.51178763197595
previous-0.20,cow,nearest_unit,1.1898343344867361,99.29795957767736
previous-0.20,cow,ceil_unit,1.191512027681661,100.1755221719458
previous-0.20,cow,fixed_point_carry,1.1888545882352946,98.78547692307716
previous-0.20,sloth,floor_unit,1.1887145424613532,95.2512677711912
previous-0.20,sloth,nearest_unit,1.1888854189921707,95.33751552920934
previous-0.20,sloth,ceil_unit,1.1889487637020684,95.36948796676319
previous-0.20,sloth,fixed_point_carry,1.1888545882352943,95.32195409636734
previous-0.30,chicken,floor_unit,1.0773322352941175,36.31252787723778
previous-0.30,chicken,nearest_unit,1.242148705882353,113.70460971867011
previous-0.30,chicken,ceil_unit,1.5810640000000002,272.847443478261
previous-0.30,chicken,fixed_point_carry,1.2794228235294118,131.20723887468034
previous-0.30,rabbit,floor_unit,1.2238522352941172,123.97969954751109
previous-0.30,rabbit,nearest_unit,1.2831728235294115,156.83417918552024
previous-0.30,rabbit,ceil_unit,1.3344639999999997,185.24159999999983
previous-0.30,rabbit,fixed_point_carry,1.2794228235294118,154.75725610859735
previous-0.30,cow,floor_unit,1.27331908650519,142.96690678733015
previous-0.30,cow,nearest_unit,1.2808331349480968,146.8973321266968
previous-0.30,cow,ceil_unit,1.2831961799307958,148.13338642533935
previous-0.30,cow,fixed_point_carry,1.2794228235294116,146.1596307692307
previous-0.30,sloth,floor_unit,1.2792316113230273,140.9386082991335
previous-0.30,sloth,nearest_unit,1.2794706910258982,141.05928074175392
previous-0.30,sloth,ceil_unit,1.279553830957639,141.1012445660435
previous-0.30,sloth,fixed_point_carry,1.2794228235294114,141.03512023103798
conservative-0.10,chicken,floor_unit,1.0003999600000002,0.18780730434791956
conservative-0.10,chicken,nearest_unit,1.005991,2.813165217391342
conservative-0.10,chicken,ceil_unit,1.1903999600000001,89.40519860869573
conservative-0.10,chicken,fixed_point_carry,1.0303703035294112,14.260838179027854
conservative-0.10,rabbit,floor_unit,1.0115914799999999,6.419896615384547
conservative-0.10,rabbit,nearest_unit,1.0317414799999998,17.579896615384488
conservative-0.10,rabbit,ceil_unit,1.0569244211764701,31.52737172850653
conservative-0.10,rabbit,fixed_point_carry,1.0303703035294112,16.82047580090465
conservative-0.10,cow,floor_unit,1.028480933693195,14.897719162594331
conservative-0.10,cow,nearest_unit,1.031193994011534,16.31685840603317
conservative-0.10,cow,ceil_unit,1.0322064238892732,16.846437111312135
conservative-0.10,cow,fixed_point_carry,1.030370303529412,15.886004923077074
conservative-0.10,sloth,floor_unit,1.0303114822562536,15.299335574646506
conservative-0.10,sloth,nearest_unit,1.0303807786552097,15.334312051639012
conservative-0.10,sloth,ceil_unit,1.0304291221120256,15.35871279728426
conservative-0.10,sloth,fixed_point_carry,1.0303703035294118,15.329024864974446
conservative-0.20,chicken,floor_unit,1.0007998400000002,0.37557704347836335
conservative-0.20,chicken,nearest_unit,1.011964,5.617878260869605
conservative-0.20,chicken,ceil_unit,1.3607998400000003,169.419055304348
conservative-0.20,chicken,fixed_point_carry,1.0600812141176474,28.212048368286624
conservative-0.20,rabbit,floor_unit,1.02396592,13.2734326153846
conservative-0.20,rabbit,nearest_unit,1.0625659200000004,34.65189415384637
conservative-0.20,rabbit,ceil_unit,1.1092976847058826,60.5341022986427
conservative-0.20,rabbit,fixed_point_carry,1.0600812141176474,33.275749357466275
conservative-0.20,cow,floor_unit,1.0565292249688585,29.569133060633668
conservative-0.20,cow,nearest_unit,1.0615273485951564,32.18353618823566
conservative-0.20,cow,ceil_unit,1.0635880484982705,33.26144075294149
conservative-0.20,cow,fixed_point_carry,1.060081214117647,31.42709661538458
conservative-0.20,sloth,floor_unit,1.0599722088884966,30.270210515640855
conservative-0.20,sloth,nearest_unit,1.0601014081361975,30.335422194497603
conservative-0.20,sloth,ceil_unit,1.0601905362296729,30.380408467345642
conservative-0.20,sloth,fixed_point_carry,1.060081214117647,30.325229520190472
conservative-0.30,chicken,floor_unit,1.00119964,0.5633092173913312
conservative-0.30,chicken,nearest_unit,1.0179189999999996,8.414139130434585
conservative-0.30,chicken,ceil_unit,1.5111996399999998,240.04157008695648
conservative-0.30,chicken,fixed_point_carry,1.0891327317647057,41.85363056777486
conservative-0.30,rabbit,floor_unit,1.0371233199999998,20.560607999999917
conservative-0.30,rabbit,nearest_unit,1.0924733199999996,51.21599261538442
conservative-0.30,rabbit,ceil_unit,1.157119790588235,87.02019171040715
conservative-0.30,rabbit,fixed_point_carry,1.0891327317647057,49.36582066968317
conservative-0.30,cow,floor_unit,1.08414487382699,44.01424169411789
conservative-0.30,cow,nearest_unit,1.0910000637508652,47.60003334660642
conservative-0.30,cow,ceil_unit,1.0941448738269894,49.245010924886785
conservative-0.30,cow,fixed_point_carry,1.089132731764706,46.62327507692311
conservative-0.30,sloth,floor_unit,1.0889821798967276,44.91262482298225
conservative-0.30,sloth,nearest_unit,1.089161888442963,45.00333042857565
conservative-0.30,sloth,ceil_unit,1.089284242352941,45.06508701018382
conservative-0.30,sloth,fixed_point_carry,1.0891327317647057,44.988613965648184
recommended-0.10,chicken,floor_unit,1.0000399996000002,0.018782420869672724
recommended-0.10,chicken,nearest_unit,1.005991,2.813165217391342
recommended-0.10,chicken,ceil_unit,1.1900399996000002,89.23617372521748
recommended-0.10,chicken,fixed_point_carry,1.0301903233294119,14.176325737289044
recommended-0.10,rabbit,floor_unit,1.0114114997999997,6.320215273845971
recommended-0.10,rabbit,nearest_unit,1.0315614997999998,17.480215273846035
recommended-0.10,rabbit,ceil_unit,1.0567444409764704,31.427690386968198
recommended-0.10,rabbit,fixed_point_carry,1.0301903233294119,16.720794459366566
recommended-0.10,cow,floor_unit,1.0283030235583852,14.804658476693799
recommended-0.10,cow,nearest_unit,1.0310119437463436,16.221632113472058
recommended-0.10,cow,ceil_unit,1.0320285137544636,16.75337642541172
recommended-0.10,cow,fixed_point_carry,1.030190323329412,15.791861433846316
recommended-0.10,sloth,floor_unit,1.0301314536968849,15.208468446489686
recommended-0.10,sloth,nearest_unit,1.0302008468145785,15.24349374103616
recommended-0.10,sloth,ceil_unit,1.0302490534478617,15.267825426741547
recommended-0.10,sloth,fixed_point_carry,1.0301903233294116,15.238182145594498
recommended-0.20,chicken,floor_unit,1.0000799984000004,0.03756446608714046
recommended-0.20,chicken,nearest_unit,1.011964,5.617878260869605
recommended-0.20,chicken,ceil_unit,1.3600799984000007,169.08104272695687
recommended-0.20,chicken,fixed_point_carry,1.0597212933176474,28.04304207959096
recommended-0.20,rabbit,floor_unit,1.0236059992000002,13.07409186461548
recommended-0.20,rabbit,nearest_unit,1.0622059992000004,34.452553403077125
recommended-0.20,rabbit,ceil_unit,1.1089377639058826,60.33476154787345
recommended-0.20,rabbit,fixed_point_carry,1.0597212933176474,33.076408606697036
recommended-0.20,cow,floor_unit,1.0561726432531495,29.382613393955133
recommended-0.20,cow,nearest_unit,1.0611640887108655,31.993523325683515
recommended-0.20,cow,ceil_unit,1.0632314667825609,33.074921086262606
recommended-0.20,cow,fixed_point_carry,1.059721293317647,31.238830350769188
recommended-0.20,sloth,floor_unit,1.0596122175179155,30.08850944487378
recommended-0.20,sloth,nearest_unit,1.0597415579067788,30.15379236293918
recommended-0.20,sloth,ceil_unit,1.0598304581600484,30.19866363633795
recommended-0.20,sloth,fixed_point_carry,1.059721293317647,30.143564069027672
recommended-0.30,chicken,floor_unit,1.0001199963999998,0.05634613565209041
recommended-0.30,chicken,nearest_unit,1.0179189999999998,8.414139130434688
recommended-0.30,chicken,ceil_unit,1.5101199964000003,239.53460700521757
recommended-0.30,chicken,fixed_point_carry,1.0885929099647058,41.60014902690534
recommended-0.30,rabbit,floor_unit,1.0365834981999995,20.261629772307423
recommended-0.30,rabbit,nearest_unit,1.0919334981999997,50.91701438769217
recommended-0.30,rabbit,ceil_unit,1.1565799687882352,86.7212134827149
recommended-0.30,rabbit,fixed_point_carry,1.0885929099647058,49.066842441990914
recommended-0.30,cow,floor_unit,1.0836088590842905,43.73386475178272
recommended-0.30,cow,nearest_unit,1.090456434893564,47.315673636633434
recommended-0.30,cow,ceil_unit,1.0936088590842905,48.96463398255196
recommended-0.30,cow,fixed_point_carry,1.088592909964706,46.340906750769314
recommended-0.30,sloth,floor_unit,1.0884422914630911,44.64012299515194
recommended-0.30,sloth,nearest_unit,1.0886221332766,44.730895865708504
recommended-0.30,sloth,ceil_unit,1.0887442141365589,44.79251462878854
recommended-0.30,sloth,fixed_point_carry,1.0885929099647058,44.7161457702994
lifecycle-short-0.10,chicken,floor_unit,1.0001999899999998,0.0939083478260009
lifecycle-short-0.10,chicken,nearest_unit,1.0059909999999999,2.8131652173912376
lifecycle-short-0.10,chicken,ceil_unit,1.19019999,89.31129965217391
lifecycle-short-0.10,chicken,fixed_point_carry,1.0320979685294116,15.072089570332405
lifecycle-short-0.10,rabbit,floor_unit,1.0130472449999999,7.2261664615383925
lifecycle-short-0.10,rabbit,nearest_unit,1.0339172450000003,18.78493569230784
lifecycle-short-0.10,rabbit,ceil_unit,1.0582955508823533,32.286766642534126
lifecycle-short-0.10,rabbit,fixed_point_carry,1.0320979685294116,17.777336416289504
lifecycle-short-0.10,cow,floor_unit,1.0302088332502886,15.801543546304783
lifecycle-short-0.10,cow,nearest_unit,1.0328497519054207,17.18294715052776
lifecycle-short-0.10,cow,ceil_unit,1.033934323446367,17.750261495022706
lifecycle-short-0.10,cow,fixed_point_carry,1.032097968529412,16.789706615384763
lifecycle-short-0.10,sloth,floor_unit,1.0320379495692837,16.170748016882232
lifecycle-short-0.10,sloth,nearest_unit,1.032110857013733,16.207547123210603
lifecycle-short-0.10,sloth,ceil_unit,1.0321548224643649,16.22973812585513
lifecycle-short-0.10,sloth,fixed_point_carry,1.0320979685294118,16.2010418244921
lifecycle-short-0.20,chicken,floor_unit,1.0003999600000002,0.18780730434791956
lifecycle-short-0.20,chicken,nearest_unit,1.011964,5.617878260869605
lifecycle-short-0.20,chicken,ceil_unit,1.36039996,169.23128556521746
lifecycle-short-0.20,chicken,fixed_point_carry,1.0633918741176474,29.76661915089528
lifecycle-short-0.20,rabbit,floor_unit,1.02678898,14.836973538461582
lifecycle-short-0.20,rabbit,nearest_unit,1.0666689800000004,36.9243581538464
lifecycle-short-0.20,rabbit,ceil_unit,1.1119822035294122,62.02091272398217
lifecycle-short-0.20,rabbit,fixed_point_carry,1.0633918741176474,35.109345665158536
lifecycle-short-0.20,cow,floor_unit,1.059830234961938,31.29581521085985
lifecycle-short-0.20,cow,nearest_unit,1.0647099880138413,33.84830142262469
lifecycle-short-0.20,cow,ceil_unit,1.06688905849135,34.98812290316767
lifecycle-short-0.20,cow,fixed_point_carry,1.0633918741176476,33.15882646153872
lifecycle-short-0.20,sloth,floor_unit,1.0632807402566555,31.940149690267134
lifecycle-short-0.20,sloth,nearest_unit,1.0634161925600483,32.00851751954202
lifecycle-short-0.20,sloth,ceil_unit,1.0634976789359567,32.04964673253284
lifecycle-short-0.20,sloth,fixed_point_carry,1.0633918741176474,31.996243094695387
lifecycle-short-0.30,chicken,floor_unit,1.0005999099999998,0.28169686956513046
lifecycle-short-0.30,chicken,nearest_unit,1.0179190000000002,8.414139130434895
lifecycle-short-0.30,chicken,ceil_unit,1.5105999100000003,239.75995773913056
lifecycle-short-0.30,chicken,fixed_point_carry,1.0938817167647057,44.0835887416879
lifecycle-short-0.30,rabbit,floor_unit,1.041225205,22.832421230769196
lifecycle-short-0.30,rabbit,nearest_unit,1.0982552049999998,54.418267384615305
lifecycle-short-0.30,rabbit,ceil_unit,1.1610599579411762,89.20243824434377
lifecycle-short-0.30,rabbit,fixed_point_carry,1.0938817167647057,51.99602774660623
lifecycle-short-0.30,cow,floor_unit,1.0888642051349477,46.48281499366498
lifecycle-short-0.30,cow,nearest_unit,1.0955807083252593,49.9960628162895
lifecycle-short-0.30,cow,ceil_unit,1.098864205134948,51.71358422443433
lifecycle-short-0.30,cow,fixed_point_carry,1.093881716764706,49.10735953846155
lifecycle-short-0.30,sloth,floor_unit,1.0937283720621163,47.30820502015515
lifecycle-short-0.30,sloth,nearest_unit,1.0939160066389477,47.40291118899515
lifecycle-short-0.30,sloth,ceil_unit,1.0940285694147762,47.45972582003347
lifecycle-short-0.30,sloth,fixed_point_carry,1.0938817167647057,47.38560381060942
lifecycle-medium-0.10,chicken,floor_unit,1.00099975,0.46944782608699276
lifecycle-medium-0.10,chicken,nearest_unit,1.009975,4.6839130434782925
lifecycle-medium-0.10,chicken,ceil_unit,1.19099975,89.6868391304348
lifecycle-medium-0.10,chicken,fixed_point_carry,1.035420248529412,16.632116700767348
lifecycle-medium-0.10,rabbit,floor_unit,1.016361125,9.061546153846141
lifecycle-medium-0.10,rabbit,nearest_unit,1.0372311250000004,20.620315384615587
lifecycle-medium-0.10,rabbit,ceil_unit,1.0616331485294122,34.13528226244365
lifecycle-medium-0.10,rabbit,fixed_point_carry,1.035420248529412,19.617368416289693
lifecycle-medium-0.10,cow,floor_unit,1.03355494982699,17.551819909502477
lifecycle-medium-0.10,cow,nearest_unit,1.0361117090542102,18.889201659125355
lifecycle-medium-0.10,cow,ceil_unit,1.0372804400230682,19.50053785822028
lifecycle-medium-0.10,cow,fixed_point_carry,1.035420248529412,18.527514615384714
lifecycle-medium-0.10,sloth,floor_unit,1.035359369033327,17.847192294168458
lifecycle-medium-0.10,sloth,nearest_unit,1.0354348195854246,17.885275001773316
lifecycle-medium-0.10,sloth,ceil_unit,1.0354756961282874,17.905906917464602
lifecycle-medium-0.10,sloth,fixed_point_carry,1.035420248529412,17.877920446369853
lifecycle-medium-0.20,chicken,floor_unit,1.0019990000000008,0.9386608695655697
lifecycle-medium-0.20,chicken,nearest_unit,1.0199000000000003,9.344347826087075
lifecycle-medium-0.20,chicken,ceil_unit,1.3619990000000004,169.98213913043497
lifecycle-medium-0.20,chicken,fixed_point_carry,1.0698809941176473,32.813684194373494
lifecycle-medium-0.20,rabbit,floor_unit,1.0332445000000001,18.41233846153853
lifecycle-medium-0.20,rabbit,nearest_unit,1.0731245,40.4997230769231
lifecycle-medium-0.20,rabbit,ceil_unit,1.1185325941176472,65.64882135746612
lifecycle-medium-0.20,rabbit,fixed_point_carry,1.0698809941176473,38.70331981900463
lifecycle-medium-0.20,cow,floor_unit,1.0663550934256059,34.708818099547685
lifecycle-medium-0.20,cow,nearest_unit,1.071095855824683,37.18860150829574
lifecycle-medium-0.20,cow,ceil_unit,1.0734139169550176,38.401125791855385
lifecycle-medium-0.20,cow,fixed_point_carry,1.0698809941176473,36.55313538461548
lifecycle-medium-0.20,sloth,floor_unit,1.0697683293756275,35.214677876070375
lifecycle-medium-0.20,sloth,nearest_unit,1.0699082203212207,35.28528605360493
lifecycle-medium-0.20,sloth,ceil_unit,1.0699842862196347,35.32367934944525
lifecycle-medium-0.20,sloth,fixed_point_carry,1.0698809941176473,35.27154397324831
lifecycle-medium-0.30,chicken,floor_unit,1.00299775,1.4076391304347928
lifecycle-medium-0.30,chicken,nearest_unit,1.0297749999999999,13.981304347826034
lifecycle-medium-0.30,chicken,ceil_unit,1.51299775,240.88590000000005
lifecycle-medium-0.30,chicken,fixed_point_carry,1.1033822367647057,48.54470248081834
lifecycle-medium-0.30,rabbit,floor_unit,1.050650125,28.05237692307692
lifecycle-medium-0.30,rabbit,nearest_unit,1.107680125,59.638223076923026
lifecycle-medium-0.30,rabbit,ceil_unit,1.1706983367647057,94.54061728506777
lifecycle-medium-0.30,rabbit,fixed_point_carry,1.1033822367647057,57.2578542081447
lifecycle-medium-0.30,cow,floor_unit,1.0984004307958477,51.47099457013573
lifecycle-medium-0.30,cow,nearest_unit,1.1049524403114186,54.898199547511275
lifecycle-medium-0.30,cow,ceil_unit,1.1084004307958477,56.701763800904956
lifecycle-medium-0.30,cow,fixed_point_carry,1.103382236764706,54.07686230769233
lifecycle-medium-0.30,sloth,floor_unit,1.1032268810269024,52.10245674570611
lifecycle-medium-0.30,sloth,nearest_unit,1.1034202022073878,52.200033155494616
lifecycle-medium-0.30,sloth,ceil_unit,1.1035257702740413,52.253317295941606
lifecycle-medium-0.30,sloth,fixed_point_carry,1.1033822367647057,52.180870580635265
lifecycle-long-0.10,chicken,floor_unit,1.001999,0.938660869565257
lifecycle-long-0.10,chicken,nearest_unit,1.015936,7.482991304347804
lifecycle-long-0.10,chicken,ceil_unit,1.191999,90.15605217391305
lifecycle-long-0.10,chicken,fixed_point_carry,1.0393285235294116,18.467306700767203
lifecycle-long-0.10,rabbit,floor_unit,1.020261,11.22147692307697
lifecycle-long-0.10,rabbit,nearest_unit,1.041131,22.78024615384617
lifecycle-long-0.10,rabbit,ceil_unit,1.0655567411764708,36.308348959276145
lifecycle-long-0.10,rabbit,fixed_point_carry,1.0393285235294116,21.781951493212595
lifecycle-long-0.10,cow,floor_unit,1.0374958938869667,19.613236802413365
lifecycle-long-0.10,cow,nearest_unit,1.0399705247981548,20.907659125188648
lifecycle-long-0.10,cow,ceil_unit,1.041221384083045,21.56195475113128
lifecycle-long-0.10,cow,fixed_point_carry,1.0393285235294116,20.571843076923006
lifecycle-long-0.10,sloth,floor_unit,1.0392667170889383,19.819376584080807
lifecycle-long-0.10,sloth,nearest_unit,1.0393444445814093,19.858608548411578
lifecycle-long-0.10,sloth,ceil_unit,1.0393824342541658,19.877783353093143
lifecycle-long-0.10,sloth,fixed_point_carry,1.039328523529412,19.850572599686025
lifecycle-long-0.20,chicken,floor_unit,1.0039959999999999,1.8763826086956
lifecycle-long-0.20,chicken,nearest_unit,1.031744,14.905878260869565
lifecycle-long-0.20,chicken,ceil_unit,1.3639960000000004,170.91986086956544
lifecycle-long-0.20,chicken,fixed_point_carry,1.077514094117647,36.397922455242984
lifecycle-long-0.20,rabbit,floor_unit,1.040844,22.621292307692368
lifecycle-long-0.20,rabbit,nearest_unit,1.0807239999999998,44.708676923076816
lifecycle-long-0.20,rabbit,ceil_unit,1.1262269647058822,69.91031891402709
lifecycle-long-0.20,rabbit,fixed_point_carry,1.077514094117647,42.930882895927624
lifecycle-long-0.20,cow,floor_unit,1.074042399077278,38.729870286576215
lifecycle-long-0.20,cow,nearest_unit,1.0786468050749716,41.138328808446666
lifecycle-long-0.20,cow,ceil_unit,1.08110122260669,42.42217797888404
lifecycle-long-0.20,cow,fixed_point_carry,1.0775140941176475,40.545833846154096
lifecycle-long-0.20,sloth,floor_unit,1.0773998376390284,39.06658471702895
lifecycle-long-0.20,sloth,nearest_unit,1.077543648632805,39.13917148908156
lifecycle-long-0.20,sloth,ceil_unit,1.0776146516924314,39.175009381365044
lifecycle-long-0.20,sloth,fixed_point_carry,1.077514094117647,39.12425422303289
lifecycle-long-0.30,chicken,floor_unit,1.0059909999999999,2.8131652173912376
lifecycle-long-0.30,chicken,nearest_unit,1.0474240000000001,22.26866086956528
lifecycle-long-0.30,chicken,ceil_unit,1.5159909999999999,242.29142608695645
lifecycle-long-0.30,chicken,fixed_point_carry,1.1145567117647055,53.79184726342694
lifecycle-long-0.30,rabbit,floor_unit,1.0617489999999998,34.19944615384606
lifecycle-long-0.30,rabbit,nearest_unit,1.1187789999999997,65.78529230769217
lifecycle-long-0.30,rabbit,ceil_unit,1.182010670588235,100.80590986425322
lifecycle-long-0.30,rabbit,fixed_point_carry,1.1145567117647055,63.44679420814459
lifecycle-long-0.30,cow,floor_unit,1.1096395155709342,57.34990045248867
lifecycle-long-0.30,cow,nearest_unit,1.11602884083045,60.69200904977382
lifecycle-long-0.30,cow,ceil_unit,1.1196395155709342,62.58066968325791
lifecycle-long-0.30,cow,fixed_point_carry,1.114556711764706,59.92197230769234
lifecycle-long-0.30,sloth,floor_unit,1.114399361650271,57.74162439884479
lifecycle-long-0.30,sloth,nearest_unit,1.1145976121541856,57.84168882200929
lifecycle-long-0.30,sloth,ceil_unit,1.1146966523147959,57.89167808481515
lifecycle-long-0.30,sloth,fixed_point_carry,1.1145567117647055,57.82104487004085
lifecycle-slow-0.10,chicken,floor_unit,1.0079840000000007,3.749008695652483
lifecycle-slow-0.10,chicken,nearest_unit,1.0238560000000003,11.201947826087109
lifecycle-slow-0.10,chicken,ceil_unit,1.1979840000000002,92.96640000000008
lifecycle-slow-0.10,chicken,fixed_point_carry,1.0467928235294117,21.972282352941157
lifecycle-slow-0.10,rabbit,floor_unit,1.0279799999999997,15.496615384615204
lifecycle-slow-0.10,rabbit,nearest_unit,1.0481299999999998,26.656615384615268
lifecycle-slow-0.10,rabbit,ceil_unit,1.073408941176471,40.657259728506965
lifecycle-slow-0.10,rabbit,fixed_point_carry,1.0467928235294117,25.916025339366495
lifecycle-slow-0.10,cow,floor_unit,1.0449860779700113,23.53117924585207
lifecycle-slow-0.10,cow,nearest_unit,1.0473888701268743,24.788024374057336
lifecycle-slow-0.10,cow,ceil_unit,1.04871156816609,25.479897194570107
lifecycle-slow-0.10,cow,fixed_point_carry,1.046792823529412,24.476246153846244
lifecycle-slow-0.10,sloth,floor_unit,1.0467308666372213,23.586811239803325
lifecycle-slow-0.10,sloth,nearest_unit,1.0468097354908652,23.62661929168562
lifecycle-slow-0.10,sloth,ceil_unit,1.0468466084721944,23.645230460556323
lifecycle-slow-0.10,sloth,fixed_point_carry,1.0467928235294117,23.618083194001095
lifecycle-slow-0.20,chicken,floor_unit,1.0159359999999997,7.482991304347698
lifecycle-slow-0.20,chicken,nearest_unit,1.047424,22.268660869565178
lifecycle-slow-0.20,chicken,ceil_unit,1.375936,176.52646956521744
lifecycle-slow-0.20,chicken,fixed_point_carry,1.0921712941176474,43.280433759590935
lifecycle-slow-0.20,rabbit,floor_unit,1.0559200000000002,30.971076923077028
lifecycle-slow-0.20,rabbit,nearest_unit,1.0945200000000008,52.34953846153893
lifecycle-slow-0.20,rabbit,ceil_unit,1.1416357647058828,78.444423529412
lifecycle-slow-0.20,rabbit,fixed_point_carry,1.0921712941176474,51.04871674208161
lifecycle-slow-0.20,cow,floor_unit,1.0887443118800464,46.420101598793494
lifecycle-slow-0.20,cow,nearest_unit,1.0932260687427917,48.76440518853721
lifecycle-slow-0.20,cow,ceil_unit,1.0958031354094582,50.1124092911012
lifecycle-slow-0.20,cow,fixed_point_carry,1.0921712941176476,48.21267692307719
lifecycle-slow-0.20,sloth,floor_unit,1.0920565723509337,46.464385355423886
lifecycle-slow-0.20,sloth,nearest_unit,1.0922027644890588,46.538173979835044
lifecycle-slow-0.20,sloth,ceil_unit,1.0922716216020885,46.57292873283707
lifecycle-slow-0.20,sloth,fixed_point_carry,1.0921712941176476,46.52228970968258
lifecycle-slow-0.30,chicken,floor_unit,1.0238559999999999,11.2019478260869
lifecycle-slow-0.30,chicken,nearest_unit,1.0707039999999999,33.20013913043473
lifecycle-slow-0.30,chicken,ceil_unit,1.533856,250.68020869565225
lifecycle-slow-0.30,chicken,fixed_point_carry,1.136135411764706,63.92445421994891
lifecycle-slow-0.30,rabbit,floor_unit,1.0838199999999996,46.42338461538438
lifecycle-slow-0.30,rabbit,nearest_unit,1.1391699999999996,77.078769230769
lifecycle-slow-0.30,rabbit,ceil_unit,1.204680470588235,113.36149140271479
lifecycle-slow-0.30,rabbit,fixed_point_carry,1.136135411764706,75.39807420814488
lifecycle-slow-0.30,cow,floor_unit,1.131274701730104,68.66676705882358
lifecycle-slow-0.30,cow,nearest_unit,1.137511595847751,71.92914244343903
lifecycle-slow-0.30,cow,ceil_unit,1.141274701730104,73.89753628959282
lifecycle-slow-0.30,cow,fixed_point_carry,1.1361354117647058,71.20929230769225
lifecycle-slow-0.30,sloth,floor_unit,1.1359771171411364,68.63272234686126
lifecycle-slow-0.30,sloth,nearest_unit,1.1361790869945794,68.73466406444747
lifecycle-slow-0.30,sloth,ceil_unit,1.1362750393896806,68.78309481684136
lifecycle-slow-0.30,sloth,fixed_point_carry,1.1361354117647058,68.71261954704357
